success,Condition,Language,roundid
true,equal/far,Chinese,0316-e2f34fea-b7c4-4b64-81b9-634240105f74.1
false,equal/far,Chinese,0316-e2f34fea-b7c4-4b64-81b9-634240105f74.10
true,further/split,Chinese,0316-e2f34fea-b7c4-4b64-81b9-634240105f74.11
true,closer/close,Chinese,0316-e2f34fea-b7c4-4b64-81b9-634240105f74.12
true,closer/close,Chinese,0316-e2f34fea-b7c4-4b64-81b9-634240105f74.2
true,closer/close,Chinese,0316-e2f34fea-b7c4-4b64-81b9-634240105f74.3
true,closer/close,Chinese,0316-e2f34fea-b7c4-4b64-81b9-634240105f74.4
false,further/split,Chinese,0316-e2f34fea-b7c4-4b64-81b9-634240105f74.5
true,equal/far,Chinese,0316-e2f34fea-b7c4-4b64-81b9-634240105f74.6
true,equal/far,Chinese,0316-e2f34fea-b7c4-4b64-81b9-634240105f74.7
true,further/split,Chinese,0316-e2f34fea-b7c4-4b64-81b9-634240105f74.8
true,equal/far,Chinese,0316-e2f34fea-b7c4-4b64-81b9-634240105f74.9
true,equal/far,Chinese,1062-3d3860a1-f48d-4920-8fdc-75a1494e2502.1
true,further/split,Chinese,1062-3d3860a1-f48d-4920-8fdc-75a1494e2502.10
true,further/split,Chinese,1062-3d3860a1-f48d-4920-8fdc-75a1494e2502.11
true,equal/far,Chinese,1062-3d3860a1-f48d-4920-8fdc-75a1494e2502.12
false,closer/close,Chinese,1062-3d3860a1-f48d-4920-8fdc-75a1494e2502.13
false,further/split,Chinese,1062-3d3860a1-f48d-4920-8fdc-75a1494e2502.14
true,equal/far,Chinese,1062-3d3860a1-f48d-4920-8fdc-75a1494e2502.15
false,further/split,Chinese,1062-3d3860a1-f48d-4920-8fdc-75a1494e2502.16
false,further/split,Chinese,1062-3d3860a1-f48d-4920-8fdc-75a1494e2502.17
true,equal/far,Chinese,1062-3d3860a1-f48d-4920-8fdc-75a1494e2502.18
false,equal/far,Chinese,1062-3d3860a1-f48d-4920-8fdc-75a1494e2502.19
true,closer/close,Chinese,1062-3d3860a1-f48d-4920-8fdc-75a1494e2502.2
false,further/split,Chinese,1062-3d3860a1-f48d-4920-8fdc-75a1494e2502.20
false,equal/far,Chinese,1062-3d3860a1-f48d-4920-8fdc-75a1494e2502.21
false,closer/close,Chinese,1062-3d3860a1-f48d-4920-8fdc-75a1494e2502.22
false,further/split,Chinese,1062-3d3860a1-f48d-4920-8fdc-75a1494e2502.23
false,closer/close,Chinese,1062-3d3860a1-f48d-4920-8fdc-75a1494e2502.24
false,equal/far,Chinese,1062-3d3860a1-f48d-4920-8fdc-75a1494e2502.25
true,closer/close,Chinese,1062-3d3860a1-f48d-4920-8fdc-75a1494e2502.26
false,closer/close,Chinese,1062-3d3860a1-f48d-4920-8fdc-75a1494e2502.27
true,equal/far,Chinese,1062-3d3860a1-f48d-4920-8fdc-75a1494e2502.28
true,further/split,Chinese,1062-3d3860a1-f48d-4920-8fdc-75a1494e2502.29
false,closer/close,Chinese,1062-3d3860a1-f48d-4920-8fdc-75a1494e2502.3
false,further/split,Chinese,1062-3d3860a1-f48d-4920-8fdc-75a1494e2502.30
false,closer/close,Chinese,1062-3d3860a1-f48d-4920-8fdc-75a1494e2502.31
false,closer/close,Chinese,1062-3d3860a1-f48d-4920-8fdc-75a1494e2502.32
false,further/split,Chinese,1062-3d3860a1-f48d-4920-8fdc-75a1494e2502.33
false,closer/close,Chinese,1062-3d3860a1-f48d-4920-8fdc-75a1494e2502.34
false,equal/far,Chinese,1062-3d3860a1-f48d-4920-8fdc-75a1494e2502.35
false,equal/far,Chinese,1062-3d3860a1-f48d-4920-8fdc-75a1494e2502.36
false,further/split,Chinese,1062-3d3860a1-f48d-4920-8fdc-75a1494e2502.37
false,equal/far,Chinese,1062-3d3860a1-f48d-4920-8fdc-75a1494e2502.38
false,closer/close,Chinese,1062-3d3860a1-f48d-4920-8fdc-75a1494e2502.39
true,closer/close,Chinese,1062-3d3860a1-f48d-4920-8fdc-75a1494e2502.4
false,further/split,Chinese,1062-3d3860a1-f48d-4920-8fdc-75a1494e2502.40
false,equal/far,Chinese,1062-3d3860a1-f48d-4920-8fdc-75a1494e2502.41
false,equal/far,Chinese,1062-3d3860a1-f48d-4920-8fdc-75a1494e2502.42
false,equal/far,Chinese,1062-3d3860a1-f48d-4920-8fdc-75a1494e2502.43
false,further/split,Chinese,1062-3d3860a1-f48d-4920-8fdc-75a1494e2502.44
true,further/split,Chinese,1062-3d3860a1-f48d-4920-8fdc-75a1494e2502.45
true,closer/close,Chinese,1062-3d3860a1-f48d-4920-8fdc-75a1494e2502.46
false,equal/far,Chinese,1062-3d3860a1-f48d-4920-8fdc-75a1494e2502.47
false,equal/far,Chinese,1062-3d3860a1-f48d-4920-8fdc-75a1494e2502.48
false,further/split,Chinese,1062-3d3860a1-f48d-4920-8fdc-75a1494e2502.49
true,closer/close,Chinese,1062-3d3860a1-f48d-4920-8fdc-75a1494e2502.5
false,closer/close,Chinese,1062-3d3860a1-f48d-4920-8fdc-75a1494e2502.50
false,closer/close,Chinese,1062-3d3860a1-f48d-4920-8fdc-75a1494e2502.6
true,further/split,Chinese,1062-3d3860a1-f48d-4920-8fdc-75a1494e2502.7
false,closer/close,Chinese,1062-3d3860a1-f48d-4920-8fdc-75a1494e2502.8
true,further/split,Chinese,1062-3d3860a1-f48d-4920-8fdc-75a1494e2502.9
false,equal/far,Chinese,1749-16e02541-2385-4752-9fd3-caa3a825b469.1
true,further/split,Chinese,1749-16e02541-2385-4752-9fd3-caa3a825b469.10
true,closer/close,Chinese,1749-16e02541-2385-4752-9fd3-caa3a825b469.11
false,closer/close,Chinese,1749-16e02541-2385-4752-9fd3-caa3a825b469.12
true,equal/far,Chinese,1749-16e02541-2385-4752-9fd3-caa3a825b469.13
true,further/split,Chinese,1749-16e02541-2385-4752-9fd3-caa3a825b469.14
true,further/split,Chinese,1749-16e02541-2385-4752-9fd3-caa3a825b469.15
true,closer/close,Chinese,1749-16e02541-2385-4752-9fd3-caa3a825b469.16
true,equal/far,Chinese,1749-16e02541-2385-4752-9fd3-caa3a825b469.17
false,further/split,Chinese,1749-16e02541-2385-4752-9fd3-caa3a825b469.18
true,equal/far,Chinese,1749-16e02541-2385-4752-9fd3-caa3a825b469.19
false,equal/far,Chinese,1749-16e02541-2385-4752-9fd3-caa3a825b469.2
false,further/split,Chinese,1749-16e02541-2385-4752-9fd3-caa3a825b469.20
true,further/split,Chinese,1749-16e02541-2385-4752-9fd3-caa3a825b469.21
true,closer/close,Chinese,1749-16e02541-2385-4752-9fd3-caa3a825b469.22
true,further/split,Chinese,1749-16e02541-2385-4752-9fd3-caa3a825b469.23
true,further/split,Chinese,1749-16e02541-2385-4752-9fd3-caa3a825b469.24
true,equal/far,Chinese,1749-16e02541-2385-4752-9fd3-caa3a825b469.25
true,closer/close,Chinese,1749-16e02541-2385-4752-9fd3-caa3a825b469.26
true,equal/far,Chinese,1749-16e02541-2385-4752-9fd3-caa3a825b469.27
true,closer/close,Chinese,1749-16e02541-2385-4752-9fd3-caa3a825b469.28
false,closer/close,Chinese,1749-16e02541-2385-4752-9fd3-caa3a825b469.29
false,closer/close,Chinese,1749-16e02541-2385-4752-9fd3-caa3a825b469.3
true,further/split,Chinese,1749-16e02541-2385-4752-9fd3-caa3a825b469.30
true,further/split,Chinese,1749-16e02541-2385-4752-9fd3-caa3a825b469.31
true,equal/far,Chinese,1749-16e02541-2385-4752-9fd3-caa3a825b469.32
true,further/split,Chinese,1749-16e02541-2385-4752-9fd3-caa3a825b469.33
true,equal/far,Chinese,1749-16e02541-2385-4752-9fd3-caa3a825b469.34
true,closer/close,Chinese,1749-16e02541-2385-4752-9fd3-caa3a825b469.35
true,equal/far,Chinese,1749-16e02541-2385-4752-9fd3-caa3a825b469.36
true,closer/close,Chinese,1749-16e02541-2385-4752-9fd3-caa3a825b469.37
true,further/split,Chinese,1749-16e02541-2385-4752-9fd3-caa3a825b469.38
true,closer/close,Chinese,1749-16e02541-2385-4752-9fd3-caa3a825b469.39
true,equal/far,Chinese,1749-16e02541-2385-4752-9fd3-caa3a825b469.4
true,equal/far,Chinese,1749-16e02541-2385-4752-9fd3-caa3a825b469.40
true,equal/far,Chinese,1749-16e02541-2385-4752-9fd3-caa3a825b469.41
true,closer/close,Chinese,1749-16e02541-2385-4752-9fd3-caa3a825b469.42
true,further/split,Chinese,1749-16e02541-2385-4752-9fd3-caa3a825b469.43
true,equal/far,Chinese,1749-16e02541-2385-4752-9fd3-caa3a825b469.44
true,equal/far,Chinese,1749-16e02541-2385-4752-9fd3-caa3a825b469.45
true,further/split,Chinese,1749-16e02541-2385-4752-9fd3-caa3a825b469.46
true,closer/close,Chinese,1749-16e02541-2385-4752-9fd3-caa3a825b469.47
false,closer/close,Chinese,1749-16e02541-2385-4752-9fd3-caa3a825b469.48
true,further/split,Chinese,1749-16e02541-2385-4752-9fd3-caa3a825b469.49
true,further/split,Chinese,1749-16e02541-2385-4752-9fd3-caa3a825b469.5
true,closer/close,Chinese,1749-16e02541-2385-4752-9fd3-caa3a825b469.50
true,equal/far,Chinese,1749-16e02541-2385-4752-9fd3-caa3a825b469.6
true,closer/close,Chinese,1749-16e02541-2385-4752-9fd3-caa3a825b469.7
true,further/split,Chinese,1749-16e02541-2385-4752-9fd3-caa3a825b469.8
true,equal/far,Chinese,1749-16e02541-2385-4752-9fd3-caa3a825b469.9
false,equal/far,Chinese,1854-30ed3f48-6261-4e7f-a5bd-77ca1e153da9.1
true,equal/far,Chinese,1854-30ed3f48-6261-4e7f-a5bd-77ca1e153da9.10
true,further/split,Chinese,1854-30ed3f48-6261-4e7f-a5bd-77ca1e153da9.11
true,further/split,Chinese,1854-30ed3f48-6261-4e7f-a5bd-77ca1e153da9.12
true,further/split,Chinese,1854-30ed3f48-6261-4e7f-a5bd-77ca1e153da9.13
true,further/split,Chinese,1854-30ed3f48-6261-4e7f-a5bd-77ca1e153da9.14
true,closer/close,Chinese,1854-30ed3f48-6261-4e7f-a5bd-77ca1e153da9.15
true,closer/close,Chinese,1854-30ed3f48-6261-4e7f-a5bd-77ca1e153da9.16
false,closer/close,Chinese,1854-30ed3f48-6261-4e7f-a5bd-77ca1e153da9.17
true,closer/close,Chinese,1854-30ed3f48-6261-4e7f-a5bd-77ca1e153da9.18
false,equal/far,Chinese,1854-30ed3f48-6261-4e7f-a5bd-77ca1e153da9.19
true,closer/close,Chinese,1854-30ed3f48-6261-4e7f-a5bd-77ca1e153da9.2
false,further/split,Chinese,1854-30ed3f48-6261-4e7f-a5bd-77ca1e153da9.20
true,further/split,Chinese,1854-30ed3f48-6261-4e7f-a5bd-77ca1e153da9.21
true,closer/close,Chinese,1854-30ed3f48-6261-4e7f-a5bd-77ca1e153da9.22
true,equal/far,Chinese,1854-30ed3f48-6261-4e7f-a5bd-77ca1e153da9.23
true,further/split,Chinese,1854-30ed3f48-6261-4e7f-a5bd-77ca1e153da9.24
true,closer/close,Chinese,1854-30ed3f48-6261-4e7f-a5bd-77ca1e153da9.25
true,closer/close,Chinese,1854-30ed3f48-6261-4e7f-a5bd-77ca1e153da9.26
true,further/split,Chinese,1854-30ed3f48-6261-4e7f-a5bd-77ca1e153da9.27
true,further/split,Chinese,1854-30ed3f48-6261-4e7f-a5bd-77ca1e153da9.28
true,further/split,Chinese,1854-30ed3f48-6261-4e7f-a5bd-77ca1e153da9.29
true,closer/close,Chinese,1854-30ed3f48-6261-4e7f-a5bd-77ca1e153da9.3
true,equal/far,Chinese,1854-30ed3f48-6261-4e7f-a5bd-77ca1e153da9.30
true,closer/close,Chinese,1854-30ed3f48-6261-4e7f-a5bd-77ca1e153da9.31
true,further/split,Chinese,1854-30ed3f48-6261-4e7f-a5bd-77ca1e153da9.32
true,closer/close,Chinese,1854-30ed3f48-6261-4e7f-a5bd-77ca1e153da9.33
true,equal/far,Chinese,1854-30ed3f48-6261-4e7f-a5bd-77ca1e153da9.34
true,closer/close,Chinese,1854-30ed3f48-6261-4e7f-a5bd-77ca1e153da9.35
true,equal/far,Chinese,1854-30ed3f48-6261-4e7f-a5bd-77ca1e153da9.36
false,closer/close,Chinese,1854-30ed3f48-6261-4e7f-a5bd-77ca1e153da9.37
true,closer/close,Chinese,1854-30ed3f48-6261-4e7f-a5bd-77ca1e153da9.38
true,further/split,Chinese,1854-30ed3f48-6261-4e7f-a5bd-77ca1e153da9.39
true,equal/far,Chinese,1854-30ed3f48-6261-4e7f-a5bd-77ca1e153da9.4
true,closer/close,Chinese,1854-30ed3f48-6261-4e7f-a5bd-77ca1e153da9.40
true,equal/far,Chinese,1854-30ed3f48-6261-4e7f-a5bd-77ca1e153da9.41
true,equal/far,Chinese,1854-30ed3f48-6261-4e7f-a5bd-77ca1e153da9.42
false,further/split,Chinese,1854-30ed3f48-6261-4e7f-a5bd-77ca1e153da9.43
false,closer/close,Chinese,1854-30ed3f48-6261-4e7f-a5bd-77ca1e153da9.44
true,equal/far,Chinese,1854-30ed3f48-6261-4e7f-a5bd-77ca1e153da9.45
true,further/split,Chinese,1854-30ed3f48-6261-4e7f-a5bd-77ca1e153da9.46
true,equal/far,Chinese,1854-30ed3f48-6261-4e7f-a5bd-77ca1e153da9.47
true,further/split,Chinese,1854-30ed3f48-6261-4e7f-a5bd-77ca1e153da9.48
true,equal/far,Chinese,1854-30ed3f48-6261-4e7f-a5bd-77ca1e153da9.49
false,equal/far,Chinese,1854-30ed3f48-6261-4e7f-a5bd-77ca1e153da9.5
true,equal/far,Chinese,1854-30ed3f48-6261-4e7f-a5bd-77ca1e153da9.50
false,equal/far,Chinese,1854-30ed3f48-6261-4e7f-a5bd-77ca1e153da9.6
true,closer/close,Chinese,1854-30ed3f48-6261-4e7f-a5bd-77ca1e153da9.7
true,further/split,Chinese,1854-30ed3f48-6261-4e7f-a5bd-77ca1e153da9.8
true,equal/far,Chinese,1854-30ed3f48-6261-4e7f-a5bd-77ca1e153da9.9
true,equal/far,Chinese,2292-90a01583-25d1-4d87-a41b-9f772c314d61.1
true,equal/far,Chinese,2292-90a01583-25d1-4d87-a41b-9f772c314d61.10
true,further/split,Chinese,2292-90a01583-25d1-4d87-a41b-9f772c314d61.11
true,further/split,Chinese,2292-90a01583-25d1-4d87-a41b-9f772c314d61.12
true,equal/far,Chinese,2292-90a01583-25d1-4d87-a41b-9f772c314d61.13
true,further/split,Chinese,2292-90a01583-25d1-4d87-a41b-9f772c314d61.14
true,equal/far,Chinese,2292-90a01583-25d1-4d87-a41b-9f772c314d61.15
true,equal/far,Chinese,2292-90a01583-25d1-4d87-a41b-9f772c314d61.16
true,equal/far,Chinese,2292-90a01583-25d1-4d87-a41b-9f772c314d61.17
true,closer/close,Chinese,2292-90a01583-25d1-4d87-a41b-9f772c314d61.18
true,closer/close,Chinese,2292-90a01583-25d1-4d87-a41b-9f772c314d61.19
true,equal/far,Chinese,2292-90a01583-25d1-4d87-a41b-9f772c314d61.2
true,closer/close,Chinese,2292-90a01583-25d1-4d87-a41b-9f772c314d61.20
true,equal/far,Chinese,2292-90a01583-25d1-4d87-a41b-9f772c314d61.21
true,equal/far,Chinese,2292-90a01583-25d1-4d87-a41b-9f772c314d61.22
true,closer/close,Chinese,2292-90a01583-25d1-4d87-a41b-9f772c314d61.23
true,further/split,Chinese,2292-90a01583-25d1-4d87-a41b-9f772c314d61.24
true,further/split,Chinese,2292-90a01583-25d1-4d87-a41b-9f772c314d61.25
true,further/split,Chinese,2292-90a01583-25d1-4d87-a41b-9f772c314d61.26
true,further/split,Chinese,2292-90a01583-25d1-4d87-a41b-9f772c314d61.27
true,closer/close,Chinese,2292-90a01583-25d1-4d87-a41b-9f772c314d61.28
true,further/split,Chinese,2292-90a01583-25d1-4d87-a41b-9f772c314d61.29
true,further/split,Chinese,2292-90a01583-25d1-4d87-a41b-9f772c314d61.3
false,closer/close,Chinese,2292-90a01583-25d1-4d87-a41b-9f772c314d61.30
true,further/split,Chinese,2292-90a01583-25d1-4d87-a41b-9f772c314d61.31
true,closer/close,Chinese,2292-90a01583-25d1-4d87-a41b-9f772c314d61.32
true,closer/close,Chinese,2292-90a01583-25d1-4d87-a41b-9f772c314d61.33
false,closer/close,Chinese,2292-90a01583-25d1-4d87-a41b-9f772c314d61.34
true,equal/far,Chinese,2292-90a01583-25d1-4d87-a41b-9f772c314d61.35
true,further/split,Chinese,2292-90a01583-25d1-4d87-a41b-9f772c314d61.36
true,further/split,Chinese,2292-90a01583-25d1-4d87-a41b-9f772c314d61.37
true,further/split,Chinese,2292-90a01583-25d1-4d87-a41b-9f772c314d61.38
true,closer/close,Chinese,2292-90a01583-25d1-4d87-a41b-9f772c314d61.39
true,closer/close,Chinese,2292-90a01583-25d1-4d87-a41b-9f772c314d61.4
true,further/split,Chinese,2292-90a01583-25d1-4d87-a41b-9f772c314d61.40
false,equal/far,Chinese,2292-90a01583-25d1-4d87-a41b-9f772c314d61.41
true,equal/far,Chinese,2292-90a01583-25d1-4d87-a41b-9f772c314d61.42
true,equal/far,Chinese,2292-90a01583-25d1-4d87-a41b-9f772c314d61.43
false,closer/close,Chinese,2292-90a01583-25d1-4d87-a41b-9f772c314d61.44
true,further/split,Chinese,2292-90a01583-25d1-4d87-a41b-9f772c314d61.45
true,equal/far,Chinese,2292-90a01583-25d1-4d87-a41b-9f772c314d61.46
true,equal/far,Chinese,2292-90a01583-25d1-4d87-a41b-9f772c314d61.47
true,closer/close,Chinese,2292-90a01583-25d1-4d87-a41b-9f772c314d61.48
false,further/split,Chinese,2292-90a01583-25d1-4d87-a41b-9f772c314d61.49
true,closer/close,Chinese,2292-90a01583-25d1-4d87-a41b-9f772c314d61.5
true,closer/close,Chinese,2292-90a01583-25d1-4d87-a41b-9f772c314d61.50
true,equal/far,Chinese,2292-90a01583-25d1-4d87-a41b-9f772c314d61.6
true,equal/far,Chinese,2292-90a01583-25d1-4d87-a41b-9f772c314d61.7
true,closer/close,Chinese,2292-90a01583-25d1-4d87-a41b-9f772c314d61.8
false,further/split,Chinese,2292-90a01583-25d1-4d87-a41b-9f772c314d61.9
false,further/split,Chinese,2511-1a742255-8455-4590-b86b-0952f392f435.1
false,equal/far,Chinese,2807-253d3ab7-b1a1-4a7d-ae7d-7f56c9bf304c.1
false,closer/close,Chinese,2807-253d3ab7-b1a1-4a7d-ae7d-7f56c9bf304c.10
true,equal/far,Chinese,2807-253d3ab7-b1a1-4a7d-ae7d-7f56c9bf304c.11
true,further/split,Chinese,2807-253d3ab7-b1a1-4a7d-ae7d-7f56c9bf304c.12
true,further/split,Chinese,2807-253d3ab7-b1a1-4a7d-ae7d-7f56c9bf304c.13
true,equal/far,Chinese,2807-253d3ab7-b1a1-4a7d-ae7d-7f56c9bf304c.14
false,further/split,Chinese,2807-253d3ab7-b1a1-4a7d-ae7d-7f56c9bf304c.15
false,closer/close,Chinese,2807-253d3ab7-b1a1-4a7d-ae7d-7f56c9bf304c.16
true,equal/far,Chinese,2807-253d3ab7-b1a1-4a7d-ae7d-7f56c9bf304c.17
true,closer/close,Chinese,2807-253d3ab7-b1a1-4a7d-ae7d-7f56c9bf304c.18
true,further/split,Chinese,2807-253d3ab7-b1a1-4a7d-ae7d-7f56c9bf304c.19
true,further/split,Chinese,2807-253d3ab7-b1a1-4a7d-ae7d-7f56c9bf304c.2
true,further/split,Chinese,2807-253d3ab7-b1a1-4a7d-ae7d-7f56c9bf304c.20
true,further/split,Chinese,2807-253d3ab7-b1a1-4a7d-ae7d-7f56c9bf304c.21
true,equal/far,Chinese,2807-253d3ab7-b1a1-4a7d-ae7d-7f56c9bf304c.22
true,further/split,Chinese,2807-253d3ab7-b1a1-4a7d-ae7d-7f56c9bf304c.23
true,closer/close,Chinese,2807-253d3ab7-b1a1-4a7d-ae7d-7f56c9bf304c.24
true,equal/far,Chinese,2807-253d3ab7-b1a1-4a7d-ae7d-7f56c9bf304c.25
false,closer/close,Chinese,2807-253d3ab7-b1a1-4a7d-ae7d-7f56c9bf304c.26
true,further/split,Chinese,2807-253d3ab7-b1a1-4a7d-ae7d-7f56c9bf304c.27
true,closer/close,Chinese,2807-253d3ab7-b1a1-4a7d-ae7d-7f56c9bf304c.28
true,closer/close,Chinese,2807-253d3ab7-b1a1-4a7d-ae7d-7f56c9bf304c.29
true,closer/close,Chinese,2807-253d3ab7-b1a1-4a7d-ae7d-7f56c9bf304c.3
false,equal/far,Chinese,2807-253d3ab7-b1a1-4a7d-ae7d-7f56c9bf304c.30
false,equal/far,Chinese,2807-253d3ab7-b1a1-4a7d-ae7d-7f56c9bf304c.31
true,equal/far,Chinese,2807-253d3ab7-b1a1-4a7d-ae7d-7f56c9bf304c.32
true,equal/far,Chinese,2807-253d3ab7-b1a1-4a7d-ae7d-7f56c9bf304c.33
true,equal/far,Chinese,2807-253d3ab7-b1a1-4a7d-ae7d-7f56c9bf304c.34
false,further/split,Chinese,2807-253d3ab7-b1a1-4a7d-ae7d-7f56c9bf304c.35
false,closer/close,Chinese,2807-253d3ab7-b1a1-4a7d-ae7d-7f56c9bf304c.36
true,closer/close,Chinese,2807-253d3ab7-b1a1-4a7d-ae7d-7f56c9bf304c.37
true,equal/far,Chinese,2807-253d3ab7-b1a1-4a7d-ae7d-7f56c9bf304c.38
true,equal/far,Chinese,2807-253d3ab7-b1a1-4a7d-ae7d-7f56c9bf304c.39
false,equal/far,Chinese,2807-253d3ab7-b1a1-4a7d-ae7d-7f56c9bf304c.4
false,further/split,Chinese,2807-253d3ab7-b1a1-4a7d-ae7d-7f56c9bf304c.40
true,equal/far,Chinese,2807-253d3ab7-b1a1-4a7d-ae7d-7f56c9bf304c.41
true,equal/far,Chinese,2807-253d3ab7-b1a1-4a7d-ae7d-7f56c9bf304c.42
true,closer/close,Chinese,2807-253d3ab7-b1a1-4a7d-ae7d-7f56c9bf304c.43
false,closer/close,Chinese,2807-253d3ab7-b1a1-4a7d-ae7d-7f56c9bf304c.44
true,further/split,Chinese,2807-253d3ab7-b1a1-4a7d-ae7d-7f56c9bf304c.45
true,further/split,Chinese,2807-253d3ab7-b1a1-4a7d-ae7d-7f56c9bf304c.46
false,closer/close,Chinese,2807-253d3ab7-b1a1-4a7d-ae7d-7f56c9bf304c.47
true,closer/close,Chinese,2807-253d3ab7-b1a1-4a7d-ae7d-7f56c9bf304c.48
false,further/split,Chinese,2807-253d3ab7-b1a1-4a7d-ae7d-7f56c9bf304c.49
true,further/split,Chinese,2807-253d3ab7-b1a1-4a7d-ae7d-7f56c9bf304c.5
true,equal/far,Chinese,2807-253d3ab7-b1a1-4a7d-ae7d-7f56c9bf304c.50
false,further/split,Chinese,2807-253d3ab7-b1a1-4a7d-ae7d-7f56c9bf304c.6
true,closer/close,Chinese,2807-253d3ab7-b1a1-4a7d-ae7d-7f56c9bf304c.7
true,closer/close,Chinese,2807-253d3ab7-b1a1-4a7d-ae7d-7f56c9bf304c.8
true,further/split,Chinese,2807-253d3ab7-b1a1-4a7d-ae7d-7f56c9bf304c.9
false,further/split,Chinese,3072-43fc98e0-fd3d-477a-81e2-7cb16e7bbb0f.1
true,equal/far,Chinese,3072-43fc98e0-fd3d-477a-81e2-7cb16e7bbb0f.10
true,closer/close,Chinese,3072-43fc98e0-fd3d-477a-81e2-7cb16e7bbb0f.11
true,closer/close,Chinese,3072-43fc98e0-fd3d-477a-81e2-7cb16e7bbb0f.12
true,equal/far,Chinese,3072-43fc98e0-fd3d-477a-81e2-7cb16e7bbb0f.13
true,closer/close,Chinese,3072-43fc98e0-fd3d-477a-81e2-7cb16e7bbb0f.14
false,closer/close,Chinese,3072-43fc98e0-fd3d-477a-81e2-7cb16e7bbb0f.15
true,equal/far,Chinese,3072-43fc98e0-fd3d-477a-81e2-7cb16e7bbb0f.16
true,equal/far,Chinese,3072-43fc98e0-fd3d-477a-81e2-7cb16e7bbb0f.17
false,further/split,Chinese,3072-43fc98e0-fd3d-477a-81e2-7cb16e7bbb0f.18
true,further/split,Chinese,3072-43fc98e0-fd3d-477a-81e2-7cb16e7bbb0f.19
true,closer/close,Chinese,3072-43fc98e0-fd3d-477a-81e2-7cb16e7bbb0f.2
false,further/split,Chinese,3072-43fc98e0-fd3d-477a-81e2-7cb16e7bbb0f.20
true,closer/close,Chinese,3072-43fc98e0-fd3d-477a-81e2-7cb16e7bbb0f.21
true,equal/far,Chinese,3072-43fc98e0-fd3d-477a-81e2-7cb16e7bbb0f.22
false,further/split,Chinese,3072-43fc98e0-fd3d-477a-81e2-7cb16e7bbb0f.23
true,closer/close,Chinese,3072-43fc98e0-fd3d-477a-81e2-7cb16e7bbb0f.24
true,equal/far,Chinese,3072-43fc98e0-fd3d-477a-81e2-7cb16e7bbb0f.25
true,further/split,Chinese,3072-43fc98e0-fd3d-477a-81e2-7cb16e7bbb0f.26
true,equal/far,Chinese,3072-43fc98e0-fd3d-477a-81e2-7cb16e7bbb0f.27
true,equal/far,Chinese,3072-43fc98e0-fd3d-477a-81e2-7cb16e7bbb0f.28
true,equal/far,Chinese,3072-43fc98e0-fd3d-477a-81e2-7cb16e7bbb0f.29
false,further/split,Chinese,3072-43fc98e0-fd3d-477a-81e2-7cb16e7bbb0f.3
false,closer/close,Chinese,3072-43fc98e0-fd3d-477a-81e2-7cb16e7bbb0f.30
true,further/split,Chinese,3072-43fc98e0-fd3d-477a-81e2-7cb16e7bbb0f.31
true,closer/close,Chinese,3072-43fc98e0-fd3d-477a-81e2-7cb16e7bbb0f.32
true,equal/far,Chinese,3072-43fc98e0-fd3d-477a-81e2-7cb16e7bbb0f.33
true,further/split,Chinese,3072-43fc98e0-fd3d-477a-81e2-7cb16e7bbb0f.34
false,further/split,Chinese,3072-43fc98e0-fd3d-477a-81e2-7cb16e7bbb0f.35
true,closer/close,Chinese,3072-43fc98e0-fd3d-477a-81e2-7cb16e7bbb0f.36
false,closer/close,Chinese,3072-43fc98e0-fd3d-477a-81e2-7cb16e7bbb0f.37
true,closer/close,Chinese,3072-43fc98e0-fd3d-477a-81e2-7cb16e7bbb0f.38
true,further/split,Chinese,3072-43fc98e0-fd3d-477a-81e2-7cb16e7bbb0f.39
true,equal/far,Chinese,3072-43fc98e0-fd3d-477a-81e2-7cb16e7bbb0f.4
true,equal/far,Chinese,3072-43fc98e0-fd3d-477a-81e2-7cb16e7bbb0f.40
true,equal/far,Chinese,3072-43fc98e0-fd3d-477a-81e2-7cb16e7bbb0f.41
true,closer/close,Chinese,3072-43fc98e0-fd3d-477a-81e2-7cb16e7bbb0f.42
true,equal/far,Chinese,3072-43fc98e0-fd3d-477a-81e2-7cb16e7bbb0f.43
true,closer/close,Chinese,3072-43fc98e0-fd3d-477a-81e2-7cb16e7bbb0f.44
true,equal/far,Chinese,3072-43fc98e0-fd3d-477a-81e2-7cb16e7bbb0f.45
false,closer/close,Chinese,3072-43fc98e0-fd3d-477a-81e2-7cb16e7bbb0f.46
true,equal/far,Chinese,3072-43fc98e0-fd3d-477a-81e2-7cb16e7bbb0f.47
true,equal/far,Chinese,3072-43fc98e0-fd3d-477a-81e2-7cb16e7bbb0f.48
true,further/split,Chinese,3072-43fc98e0-fd3d-477a-81e2-7cb16e7bbb0f.49
false,further/split,Chinese,3072-43fc98e0-fd3d-477a-81e2-7cb16e7bbb0f.5
false,closer/close,Chinese,3072-43fc98e0-fd3d-477a-81e2-7cb16e7bbb0f.50
true,closer/close,Chinese,3072-43fc98e0-fd3d-477a-81e2-7cb16e7bbb0f.6
false,further/split,Chinese,3072-43fc98e0-fd3d-477a-81e2-7cb16e7bbb0f.7
false,further/split,Chinese,3072-43fc98e0-fd3d-477a-81e2-7cb16e7bbb0f.8
true,further/split,Chinese,3072-43fc98e0-fd3d-477a-81e2-7cb16e7bbb0f.9
true,closer/close,Chinese,3483-9f9e9390-b615-4b9f-89ae-24168280b1ac.1
true,equal/far,Chinese,3483-9f9e9390-b615-4b9f-89ae-24168280b1ac.10
true,further/split,Chinese,3483-9f9e9390-b615-4b9f-89ae-24168280b1ac.11
true,further/split,Chinese,3483-9f9e9390-b615-4b9f-89ae-24168280b1ac.12
true,closer/close,Chinese,3483-9f9e9390-b615-4b9f-89ae-24168280b1ac.13
true,further/split,Chinese,3483-9f9e9390-b615-4b9f-89ae-24168280b1ac.14
true,closer/close,Chinese,3483-9f9e9390-b615-4b9f-89ae-24168280b1ac.15
true,equal/far,Chinese,3483-9f9e9390-b615-4b9f-89ae-24168280b1ac.16
true,further/split,Chinese,3483-9f9e9390-b615-4b9f-89ae-24168280b1ac.17
true,equal/far,Chinese,3483-9f9e9390-b615-4b9f-89ae-24168280b1ac.18
true,equal/far,Chinese,3483-9f9e9390-b615-4b9f-89ae-24168280b1ac.19
true,further/split,Chinese,3483-9f9e9390-b615-4b9f-89ae-24168280b1ac.2
true,closer/close,Chinese,3483-9f9e9390-b615-4b9f-89ae-24168280b1ac.20
true,equal/far,Chinese,3483-9f9e9390-b615-4b9f-89ae-24168280b1ac.21
true,equal/far,Chinese,3483-9f9e9390-b615-4b9f-89ae-24168280b1ac.22
true,further/split,Chinese,3483-9f9e9390-b615-4b9f-89ae-24168280b1ac.23
true,equal/far,Chinese,3483-9f9e9390-b615-4b9f-89ae-24168280b1ac.24
true,further/split,Chinese,3483-9f9e9390-b615-4b9f-89ae-24168280b1ac.25
true,closer/close,Chinese,3483-9f9e9390-b615-4b9f-89ae-24168280b1ac.26
true,equal/far,Chinese,3483-9f9e9390-b615-4b9f-89ae-24168280b1ac.27
true,further/split,Chinese,3483-9f9e9390-b615-4b9f-89ae-24168280b1ac.28
true,further/split,Chinese,3483-9f9e9390-b615-4b9f-89ae-24168280b1ac.29
true,equal/far,Chinese,3483-9f9e9390-b615-4b9f-89ae-24168280b1ac.3
true,further/split,Chinese,3483-9f9e9390-b615-4b9f-89ae-24168280b1ac.30
true,equal/far,Chinese,3483-9f9e9390-b615-4b9f-89ae-24168280b1ac.31
true,closer/close,Chinese,3483-9f9e9390-b615-4b9f-89ae-24168280b1ac.32
true,closer/close,Chinese,3483-9f9e9390-b615-4b9f-89ae-24168280b1ac.33
true,closer/close,Chinese,3483-9f9e9390-b615-4b9f-89ae-24168280b1ac.34
true,closer/close,Chinese,3483-9f9e9390-b615-4b9f-89ae-24168280b1ac.35
true,closer/close,Chinese,3483-9f9e9390-b615-4b9f-89ae-24168280b1ac.36
true,further/split,Chinese,3483-9f9e9390-b615-4b9f-89ae-24168280b1ac.37
true,equal/far,Chinese,3483-9f9e9390-b615-4b9f-89ae-24168280b1ac.38
true,equal/far,Chinese,3483-9f9e9390-b615-4b9f-89ae-24168280b1ac.39
false,further/split,Chinese,3483-9f9e9390-b615-4b9f-89ae-24168280b1ac.4
true,equal/far,Chinese,3483-9f9e9390-b615-4b9f-89ae-24168280b1ac.40
true,closer/close,Chinese,3483-9f9e9390-b615-4b9f-89ae-24168280b1ac.41
true,closer/close,Chinese,3483-9f9e9390-b615-4b9f-89ae-24168280b1ac.42
true,further/split,Chinese,3483-9f9e9390-b615-4b9f-89ae-24168280b1ac.43
true,equal/far,Chinese,3483-9f9e9390-b615-4b9f-89ae-24168280b1ac.44
true,further/split,Chinese,3483-9f9e9390-b615-4b9f-89ae-24168280b1ac.45
true,closer/close,Chinese,3483-9f9e9390-b615-4b9f-89ae-24168280b1ac.46
true,further/split,Chinese,3483-9f9e9390-b615-4b9f-89ae-24168280b1ac.47
true,equal/far,Chinese,3483-9f9e9390-b615-4b9f-89ae-24168280b1ac.48
true,closer/close,Chinese,3483-9f9e9390-b615-4b9f-89ae-24168280b1ac.49
true,closer/close,Chinese,3483-9f9e9390-b615-4b9f-89ae-24168280b1ac.5
true,closer/close,Chinese,3483-9f9e9390-b615-4b9f-89ae-24168280b1ac.50
true,equal/far,Chinese,3483-9f9e9390-b615-4b9f-89ae-24168280b1ac.6
true,further/split,Chinese,3483-9f9e9390-b615-4b9f-89ae-24168280b1ac.7
true,closer/close,Chinese,3483-9f9e9390-b615-4b9f-89ae-24168280b1ac.8
true,equal/far,Chinese,3483-9f9e9390-b615-4b9f-89ae-24168280b1ac.9
true,equal/far,Chinese,3788-192abb49-7bda-42f2-bc4b-f5b2edf1b011.1
true,closer/close,Chinese,3788-192abb49-7bda-42f2-bc4b-f5b2edf1b011.10
true,equal/far,Chinese,3788-192abb49-7bda-42f2-bc4b-f5b2edf1b011.11
true,further/split,Chinese,3788-192abb49-7bda-42f2-bc4b-f5b2edf1b011.12
true,equal/far,Chinese,3788-192abb49-7bda-42f2-bc4b-f5b2edf1b011.13
true,equal/far,Chinese,3788-192abb49-7bda-42f2-bc4b-f5b2edf1b011.14
true,further/split,Chinese,3788-192abb49-7bda-42f2-bc4b-f5b2edf1b011.15
true,further/split,Chinese,3788-192abb49-7bda-42f2-bc4b-f5b2edf1b011.16
false,closer/close,Chinese,3788-192abb49-7bda-42f2-bc4b-f5b2edf1b011.17
true,equal/far,Chinese,3788-192abb49-7bda-42f2-bc4b-f5b2edf1b011.18
true,further/split,Chinese,3788-192abb49-7bda-42f2-bc4b-f5b2edf1b011.19
true,equal/far,Chinese,3788-192abb49-7bda-42f2-bc4b-f5b2edf1b011.2
true,further/split,Chinese,3788-192abb49-7bda-42f2-bc4b-f5b2edf1b011.20
true,equal/far,Chinese,3788-192abb49-7bda-42f2-bc4b-f5b2edf1b011.21
true,further/split,Chinese,3788-192abb49-7bda-42f2-bc4b-f5b2edf1b011.22
true,closer/close,Chinese,3788-192abb49-7bda-42f2-bc4b-f5b2edf1b011.23
false,closer/close,Chinese,3788-192abb49-7bda-42f2-bc4b-f5b2edf1b011.24
true,closer/close,Chinese,3788-192abb49-7bda-42f2-bc4b-f5b2edf1b011.25
true,equal/far,Chinese,3788-192abb49-7bda-42f2-bc4b-f5b2edf1b011.26
true,closer/close,Chinese,3788-192abb49-7bda-42f2-bc4b-f5b2edf1b011.27
true,further/split,Chinese,3788-192abb49-7bda-42f2-bc4b-f5b2edf1b011.28
true,closer/close,Chinese,3788-192abb49-7bda-42f2-bc4b-f5b2edf1b011.29
false,further/split,Chinese,3788-192abb49-7bda-42f2-bc4b-f5b2edf1b011.3
true,further/split,Chinese,3788-192abb49-7bda-42f2-bc4b-f5b2edf1b011.30
true,further/split,Chinese,3788-192abb49-7bda-42f2-bc4b-f5b2edf1b011.31
true,further/split,Chinese,3788-192abb49-7bda-42f2-bc4b-f5b2edf1b011.32
true,further/split,Chinese,3788-192abb49-7bda-42f2-bc4b-f5b2edf1b011.33
true,further/split,Chinese,3788-192abb49-7bda-42f2-bc4b-f5b2edf1b011.34
true,equal/far,Chinese,3788-192abb49-7bda-42f2-bc4b-f5b2edf1b011.35
true,equal/far,Chinese,3788-192abb49-7bda-42f2-bc4b-f5b2edf1b011.36
true,equal/far,Chinese,3788-192abb49-7bda-42f2-bc4b-f5b2edf1b011.37
true,closer/close,Chinese,3788-192abb49-7bda-42f2-bc4b-f5b2edf1b011.38
true,closer/close,Chinese,3788-192abb49-7bda-42f2-bc4b-f5b2edf1b011.39
true,closer/close,Chinese,3788-192abb49-7bda-42f2-bc4b-f5b2edf1b011.4
true,further/split,Chinese,3788-192abb49-7bda-42f2-bc4b-f5b2edf1b011.40
true,closer/close,Chinese,3788-192abb49-7bda-42f2-bc4b-f5b2edf1b011.41
true,equal/far,Chinese,3788-192abb49-7bda-42f2-bc4b-f5b2edf1b011.42
true,closer/close,Chinese,3788-192abb49-7bda-42f2-bc4b-f5b2edf1b011.43
true,closer/close,Chinese,3788-192abb49-7bda-42f2-bc4b-f5b2edf1b011.44
true,equal/far,Chinese,3788-192abb49-7bda-42f2-bc4b-f5b2edf1b011.45
true,equal/far,Chinese,3788-192abb49-7bda-42f2-bc4b-f5b2edf1b011.46
true,closer/close,Chinese,3788-192abb49-7bda-42f2-bc4b-f5b2edf1b011.47
false,closer/close,Chinese,3788-192abb49-7bda-42f2-bc4b-f5b2edf1b011.48
true,closer/close,Chinese,3788-192abb49-7bda-42f2-bc4b-f5b2edf1b011.49
true,equal/far,Chinese,3788-192abb49-7bda-42f2-bc4b-f5b2edf1b011.5
true,further/split,Chinese,3788-192abb49-7bda-42f2-bc4b-f5b2edf1b011.50
true,closer/close,Chinese,3788-192abb49-7bda-42f2-bc4b-f5b2edf1b011.6
true,further/split,Chinese,3788-192abb49-7bda-42f2-bc4b-f5b2edf1b011.7
true,equal/far,Chinese,3788-192abb49-7bda-42f2-bc4b-f5b2edf1b011.8
true,equal/far,Chinese,3788-192abb49-7bda-42f2-bc4b-f5b2edf1b011.9
true,further/split,Chinese,3805-18ed9ae4-fb5e-4a4b-868c-49cf662540d2.1
true,equal/far,Chinese,3805-18ed9ae4-fb5e-4a4b-868c-49cf662540d2.2
true,closer/close,Chinese,3805-18ed9ae4-fb5e-4a4b-868c-49cf662540d2.3
true,equal/far,Chinese,3805-18ed9ae4-fb5e-4a4b-868c-49cf662540d2.4
true,equal/far,Chinese,3805-18ed9ae4-fb5e-4a4b-868c-49cf662540d2.5
true,equal/far,Chinese,3805-18ed9ae4-fb5e-4a4b-868c-49cf662540d2.6
false,further/split,Chinese,3805-18ed9ae4-fb5e-4a4b-868c-49cf662540d2.7
true,closer/close,Chinese,3805-18ed9ae4-fb5e-4a4b-868c-49cf662540d2.8
true,closer/close,Chinese,3842-59433277-9f89-4c62-912e-6a1736577c31.1
true,equal/far,Chinese,3842-59433277-9f89-4c62-912e-6a1736577c31.10
true,equal/far,Chinese,3842-59433277-9f89-4c62-912e-6a1736577c31.11
true,further/split,Chinese,3842-59433277-9f89-4c62-912e-6a1736577c31.12
true,equal/far,Chinese,3842-59433277-9f89-4c62-912e-6a1736577c31.13
true,closer/close,Chinese,3842-59433277-9f89-4c62-912e-6a1736577c31.14
true,further/split,Chinese,3842-59433277-9f89-4c62-912e-6a1736577c31.15
true,closer/close,Chinese,3842-59433277-9f89-4c62-912e-6a1736577c31.16
true,closer/close,Chinese,3842-59433277-9f89-4c62-912e-6a1736577c31.17
true,closer/close,Chinese,3842-59433277-9f89-4c62-912e-6a1736577c31.18
true,further/split,Chinese,3842-59433277-9f89-4c62-912e-6a1736577c31.19
true,further/split,Chinese,3842-59433277-9f89-4c62-912e-6a1736577c31.2
true,closer/close,Chinese,3842-59433277-9f89-4c62-912e-6a1736577c31.20
true,further/split,Chinese,3842-59433277-9f89-4c62-912e-6a1736577c31.21
true,further/split,Chinese,3842-59433277-9f89-4c62-912e-6a1736577c31.22
true,equal/far,Chinese,3842-59433277-9f89-4c62-912e-6a1736577c31.23
true,further/split,Chinese,3842-59433277-9f89-4c62-912e-6a1736577c31.24
false,equal/far,Chinese,3842-59433277-9f89-4c62-912e-6a1736577c31.25
true,further/split,Chinese,3842-59433277-9f89-4c62-912e-6a1736577c31.26
true,closer/close,Chinese,3842-59433277-9f89-4c62-912e-6a1736577c31.27
true,equal/far,Chinese,3842-59433277-9f89-4c62-912e-6a1736577c31.28
false,further/split,Chinese,3842-59433277-9f89-4c62-912e-6a1736577c31.29
true,equal/far,Chinese,3842-59433277-9f89-4c62-912e-6a1736577c31.3
true,closer/close,Chinese,3842-59433277-9f89-4c62-912e-6a1736577c31.30
true,closer/close,Chinese,3842-59433277-9f89-4c62-912e-6a1736577c31.31
true,closer/close,Chinese,3842-59433277-9f89-4c62-912e-6a1736577c31.32
true,equal/far,Chinese,3842-59433277-9f89-4c62-912e-6a1736577c31.33
true,equal/far,Chinese,3842-59433277-9f89-4c62-912e-6a1736577c31.34
true,further/split,Chinese,3842-59433277-9f89-4c62-912e-6a1736577c31.35
true,further/split,Chinese,3842-59433277-9f89-4c62-912e-6a1736577c31.36
true,further/split,Chinese,3842-59433277-9f89-4c62-912e-6a1736577c31.37
true,equal/far,Chinese,3842-59433277-9f89-4c62-912e-6a1736577c31.38
false,closer/close,Chinese,3842-59433277-9f89-4c62-912e-6a1736577c31.39
true,equal/far,Chinese,3842-59433277-9f89-4c62-912e-6a1736577c31.4
true,equal/far,Chinese,3842-59433277-9f89-4c62-912e-6a1736577c31.40
true,further/split,Chinese,3842-59433277-9f89-4c62-912e-6a1736577c31.41
true,closer/close,Chinese,3842-59433277-9f89-4c62-912e-6a1736577c31.42
true,closer/close,Chinese,3842-59433277-9f89-4c62-912e-6a1736577c31.43
true,closer/close,Chinese,3842-59433277-9f89-4c62-912e-6a1736577c31.44
true,equal/far,Chinese,3842-59433277-9f89-4c62-912e-6a1736577c31.45
true,closer/close,Chinese,3842-59433277-9f89-4c62-912e-6a1736577c31.46
true,further/split,Chinese,3842-59433277-9f89-4c62-912e-6a1736577c31.47
true,equal/far,Chinese,3842-59433277-9f89-4c62-912e-6a1736577c31.48
true,equal/far,Chinese,3842-59433277-9f89-4c62-912e-6a1736577c31.49
true,further/split,Chinese,3842-59433277-9f89-4c62-912e-6a1736577c31.5
true,further/split,Chinese,3842-59433277-9f89-4c62-912e-6a1736577c31.50
true,equal/far,Chinese,3842-59433277-9f89-4c62-912e-6a1736577c31.6
true,equal/far,Chinese,3842-59433277-9f89-4c62-912e-6a1736577c31.7
true,further/split,Chinese,3842-59433277-9f89-4c62-912e-6a1736577c31.8
true,closer/close,Chinese,3842-59433277-9f89-4c62-912e-6a1736577c31.9
false,equal/far,Chinese,4286-9e734173-eddb-47a8-b78f-bad48cfe5449.1
true,further/split,Chinese,4286-9e734173-eddb-47a8-b78f-bad48cfe5449.10
true,closer/close,Chinese,4286-9e734173-eddb-47a8-b78f-bad48cfe5449.11
true,further/split,Chinese,4286-9e734173-eddb-47a8-b78f-bad48cfe5449.12
true,further/split,Chinese,4286-9e734173-eddb-47a8-b78f-bad48cfe5449.13
true,closer/close,Chinese,4286-9e734173-eddb-47a8-b78f-bad48cfe5449.14
true,equal/far,Chinese,4286-9e734173-eddb-47a8-b78f-bad48cfe5449.15
true,equal/far,Chinese,4286-9e734173-eddb-47a8-b78f-bad48cfe5449.16
false,further/split,Chinese,4286-9e734173-eddb-47a8-b78f-bad48cfe5449.17
true,further/split,Chinese,4286-9e734173-eddb-47a8-b78f-bad48cfe5449.18
true,further/split,Chinese,4286-9e734173-eddb-47a8-b78f-bad48cfe5449.19
true,equal/far,Chinese,4286-9e734173-eddb-47a8-b78f-bad48cfe5449.2
true,equal/far,Chinese,4286-9e734173-eddb-47a8-b78f-bad48cfe5449.20
true,further/split,Chinese,4286-9e734173-eddb-47a8-b78f-bad48cfe5449.21
true,equal/far,Chinese,4286-9e734173-eddb-47a8-b78f-bad48cfe5449.22
true,closer/close,Chinese,4286-9e734173-eddb-47a8-b78f-bad48cfe5449.23
false,further/split,Chinese,4286-9e734173-eddb-47a8-b78f-bad48cfe5449.24
true,further/split,Chinese,4286-9e734173-eddb-47a8-b78f-bad48cfe5449.25
false,closer/close,Chinese,4286-9e734173-eddb-47a8-b78f-bad48cfe5449.26
true,further/split,Chinese,4286-9e734173-eddb-47a8-b78f-bad48cfe5449.27
true,closer/close,Chinese,4286-9e734173-eddb-47a8-b78f-bad48cfe5449.28
false,further/split,Chinese,4286-9e734173-eddb-47a8-b78f-bad48cfe5449.29
true,equal/far,Chinese,4286-9e734173-eddb-47a8-b78f-bad48cfe5449.3
true,further/split,Chinese,4286-9e734173-eddb-47a8-b78f-bad48cfe5449.30
true,further/split,Chinese,4286-9e734173-eddb-47a8-b78f-bad48cfe5449.31
false,closer/close,Chinese,4286-9e734173-eddb-47a8-b78f-bad48cfe5449.32
false,closer/close,Chinese,4286-9e734173-eddb-47a8-b78f-bad48cfe5449.33
true,further/split,Chinese,4286-9e734173-eddb-47a8-b78f-bad48cfe5449.34
true,equal/far,Chinese,4286-9e734173-eddb-47a8-b78f-bad48cfe5449.35
false,equal/far,Chinese,4286-9e734173-eddb-47a8-b78f-bad48cfe5449.36
true,equal/far,Chinese,4286-9e734173-eddb-47a8-b78f-bad48cfe5449.37
true,equal/far,Chinese,4286-9e734173-eddb-47a8-b78f-bad48cfe5449.38
false,further/split,Chinese,4286-9e734173-eddb-47a8-b78f-bad48cfe5449.39
true,equal/far,Chinese,4286-9e734173-eddb-47a8-b78f-bad48cfe5449.4
true,further/split,Chinese,4286-9e734173-eddb-47a8-b78f-bad48cfe5449.40
true,closer/close,Chinese,4286-9e734173-eddb-47a8-b78f-bad48cfe5449.41
true,equal/far,Chinese,4286-9e734173-eddb-47a8-b78f-bad48cfe5449.42
false,closer/close,Chinese,4286-9e734173-eddb-47a8-b78f-bad48cfe5449.43
true,closer/close,Chinese,4286-9e734173-eddb-47a8-b78f-bad48cfe5449.44
true,closer/close,Chinese,4286-9e734173-eddb-47a8-b78f-bad48cfe5449.45
true,equal/far,Chinese,4286-9e734173-eddb-47a8-b78f-bad48cfe5449.46
true,closer/close,Chinese,4286-9e734173-eddb-47a8-b78f-bad48cfe5449.47
true,closer/close,Chinese,4286-9e734173-eddb-47a8-b78f-bad48cfe5449.48
false,closer/close,Chinese,4286-9e734173-eddb-47a8-b78f-bad48cfe5449.49
true,equal/far,Chinese,4286-9e734173-eddb-47a8-b78f-bad48cfe5449.5
false,equal/far,Chinese,4286-9e734173-eddb-47a8-b78f-bad48cfe5449.50
true,closer/close,Chinese,4286-9e734173-eddb-47a8-b78f-bad48cfe5449.6
false,closer/close,Chinese,4286-9e734173-eddb-47a8-b78f-bad48cfe5449.7
false,closer/close,Chinese,4286-9e734173-eddb-47a8-b78f-bad48cfe5449.8
true,further/split,Chinese,4286-9e734173-eddb-47a8-b78f-bad48cfe5449.9
true,further/split,Chinese,4304-0a6471c9-b6e3-4df3-9257-13c0310185d6.1
true,equal/far,Chinese,4304-0a6471c9-b6e3-4df3-9257-13c0310185d6.10
true,equal/far,Chinese,4304-0a6471c9-b6e3-4df3-9257-13c0310185d6.11
true,equal/far,Chinese,4304-0a6471c9-b6e3-4df3-9257-13c0310185d6.12
true,further/split,Chinese,4304-0a6471c9-b6e3-4df3-9257-13c0310185d6.13
true,equal/far,Chinese,4304-0a6471c9-b6e3-4df3-9257-13c0310185d6.14
true,further/split,Chinese,4304-0a6471c9-b6e3-4df3-9257-13c0310185d6.15
false,closer/close,Chinese,4304-0a6471c9-b6e3-4df3-9257-13c0310185d6.16
true,further/split,Chinese,4304-0a6471c9-b6e3-4df3-9257-13c0310185d6.17
true,closer/close,Chinese,4304-0a6471c9-b6e3-4df3-9257-13c0310185d6.18
true,equal/far,Chinese,4304-0a6471c9-b6e3-4df3-9257-13c0310185d6.19
true,further/split,Chinese,4304-0a6471c9-b6e3-4df3-9257-13c0310185d6.2
true,further/split,Chinese,4304-0a6471c9-b6e3-4df3-9257-13c0310185d6.20
true,closer/close,Chinese,4304-0a6471c9-b6e3-4df3-9257-13c0310185d6.21
true,further/split,Chinese,4304-0a6471c9-b6e3-4df3-9257-13c0310185d6.22
true,closer/close,Chinese,4304-0a6471c9-b6e3-4df3-9257-13c0310185d6.23
true,equal/far,Chinese,4304-0a6471c9-b6e3-4df3-9257-13c0310185d6.24
true,further/split,Chinese,4304-0a6471c9-b6e3-4df3-9257-13c0310185d6.25
true,further/split,Chinese,4304-0a6471c9-b6e3-4df3-9257-13c0310185d6.26
true,equal/far,Chinese,4304-0a6471c9-b6e3-4df3-9257-13c0310185d6.27
true,closer/close,Chinese,4304-0a6471c9-b6e3-4df3-9257-13c0310185d6.28
true,equal/far,Chinese,4304-0a6471c9-b6e3-4df3-9257-13c0310185d6.29
true,closer/close,Chinese,4304-0a6471c9-b6e3-4df3-9257-13c0310185d6.3
true,closer/close,Chinese,4304-0a6471c9-b6e3-4df3-9257-13c0310185d6.30
true,equal/far,Chinese,4304-0a6471c9-b6e3-4df3-9257-13c0310185d6.31
true,equal/far,Chinese,4304-0a6471c9-b6e3-4df3-9257-13c0310185d6.32
true,further/split,Chinese,4304-0a6471c9-b6e3-4df3-9257-13c0310185d6.33
true,equal/far,Chinese,4304-0a6471c9-b6e3-4df3-9257-13c0310185d6.34
true,further/split,Chinese,4304-0a6471c9-b6e3-4df3-9257-13c0310185d6.35
true,closer/close,Chinese,4304-0a6471c9-b6e3-4df3-9257-13c0310185d6.36
true,further/split,Chinese,4304-0a6471c9-b6e3-4df3-9257-13c0310185d6.37
true,closer/close,Chinese,4304-0a6471c9-b6e3-4df3-9257-13c0310185d6.38
true,closer/close,Chinese,4304-0a6471c9-b6e3-4df3-9257-13c0310185d6.39
true,closer/close,Chinese,4304-0a6471c9-b6e3-4df3-9257-13c0310185d6.4
true,further/split,Chinese,4304-0a6471c9-b6e3-4df3-9257-13c0310185d6.40
true,closer/close,Chinese,4304-0a6471c9-b6e3-4df3-9257-13c0310185d6.41
true,further/split,Chinese,4304-0a6471c9-b6e3-4df3-9257-13c0310185d6.42
true,equal/far,Chinese,4304-0a6471c9-b6e3-4df3-9257-13c0310185d6.43
true,further/split,Chinese,4304-0a6471c9-b6e3-4df3-9257-13c0310185d6.44
true,closer/close,Chinese,4304-0a6471c9-b6e3-4df3-9257-13c0310185d6.45
true,closer/close,Chinese,4304-0a6471c9-b6e3-4df3-9257-13c0310185d6.46
true,further/split,Chinese,4304-0a6471c9-b6e3-4df3-9257-13c0310185d6.47
true,equal/far,Chinese,4304-0a6471c9-b6e3-4df3-9257-13c0310185d6.48
true,closer/close,Chinese,4304-0a6471c9-b6e3-4df3-9257-13c0310185d6.49
true,closer/close,Chinese,4304-0a6471c9-b6e3-4df3-9257-13c0310185d6.5
true,closer/close,Chinese,4304-0a6471c9-b6e3-4df3-9257-13c0310185d6.50
true,equal/far,Chinese,4304-0a6471c9-b6e3-4df3-9257-13c0310185d6.6
true,further/split,Chinese,4304-0a6471c9-b6e3-4df3-9257-13c0310185d6.7
true,equal/far,Chinese,4304-0a6471c9-b6e3-4df3-9257-13c0310185d6.8
true,equal/far,Chinese,4304-0a6471c9-b6e3-4df3-9257-13c0310185d6.9
false,closer/close,Chinese,4589-16534f5f-ea0d-49f5-bf6a-184157da4c79.1
true,equal/far,Chinese,4589-16534f5f-ea0d-49f5-bf6a-184157da4c79.10
false,further/split,Chinese,4589-16534f5f-ea0d-49f5-bf6a-184157da4c79.11
false,further/split,Chinese,4589-16534f5f-ea0d-49f5-bf6a-184157da4c79.12
true,equal/far,Chinese,4589-16534f5f-ea0d-49f5-bf6a-184157da4c79.13
false,equal/far,Chinese,4589-16534f5f-ea0d-49f5-bf6a-184157da4c79.14
true,equal/far,Chinese,4589-16534f5f-ea0d-49f5-bf6a-184157da4c79.15
true,closer/close,Chinese,4589-16534f5f-ea0d-49f5-bf6a-184157da4c79.16
false,closer/close,Chinese,4589-16534f5f-ea0d-49f5-bf6a-184157da4c79.17
false,further/split,Chinese,4589-16534f5f-ea0d-49f5-bf6a-184157da4c79.18
true,equal/far,Chinese,4589-16534f5f-ea0d-49f5-bf6a-184157da4c79.19
false,further/split,Chinese,4589-16534f5f-ea0d-49f5-bf6a-184157da4c79.2
false,equal/far,Chinese,4589-16534f5f-ea0d-49f5-bf6a-184157da4c79.20
true,further/split,Chinese,4589-16534f5f-ea0d-49f5-bf6a-184157da4c79.21
false,further/split,Chinese,4589-16534f5f-ea0d-49f5-bf6a-184157da4c79.22
false,further/split,Chinese,4589-16534f5f-ea0d-49f5-bf6a-184157da4c79.23
true,further/split,Chinese,4589-16534f5f-ea0d-49f5-bf6a-184157da4c79.24
true,further/split,Chinese,4589-16534f5f-ea0d-49f5-bf6a-184157da4c79.25
false,closer/close,Chinese,4589-16534f5f-ea0d-49f5-bf6a-184157da4c79.26
true,equal/far,Chinese,4589-16534f5f-ea0d-49f5-bf6a-184157da4c79.27
true,equal/far,Chinese,4589-16534f5f-ea0d-49f5-bf6a-184157da4c79.28
true,equal/far,Chinese,4589-16534f5f-ea0d-49f5-bf6a-184157da4c79.29
false,equal/far,Chinese,4589-16534f5f-ea0d-49f5-bf6a-184157da4c79.3
false,closer/close,Chinese,4589-16534f5f-ea0d-49f5-bf6a-184157da4c79.30
true,further/split,Chinese,4589-16534f5f-ea0d-49f5-bf6a-184157da4c79.31
true,closer/close,Chinese,4589-16534f5f-ea0d-49f5-bf6a-184157da4c79.32
false,closer/close,Chinese,4589-16534f5f-ea0d-49f5-bf6a-184157da4c79.33
false,closer/close,Chinese,4589-16534f5f-ea0d-49f5-bf6a-184157da4c79.34
true,closer/close,Chinese,4589-16534f5f-ea0d-49f5-bf6a-184157da4c79.35
true,closer/close,Chinese,4589-16534f5f-ea0d-49f5-bf6a-184157da4c79.36
true,equal/far,Chinese,4589-16534f5f-ea0d-49f5-bf6a-184157da4c79.37
false,closer/close,Chinese,4589-16534f5f-ea0d-49f5-bf6a-184157da4c79.38
true,further/split,Chinese,4589-16534f5f-ea0d-49f5-bf6a-184157da4c79.39
true,closer/close,Chinese,4589-16534f5f-ea0d-49f5-bf6a-184157da4c79.4
true,closer/close,Chinese,4589-16534f5f-ea0d-49f5-bf6a-184157da4c79.40
true,further/split,Chinese,4589-16534f5f-ea0d-49f5-bf6a-184157da4c79.41
true,equal/far,Chinese,4589-16534f5f-ea0d-49f5-bf6a-184157da4c79.42
true,further/split,Chinese,4589-16534f5f-ea0d-49f5-bf6a-184157da4c79.43
false,closer/close,Chinese,4589-16534f5f-ea0d-49f5-bf6a-184157da4c79.44
true,further/split,Chinese,4589-16534f5f-ea0d-49f5-bf6a-184157da4c79.45
true,equal/far,Chinese,4589-16534f5f-ea0d-49f5-bf6a-184157da4c79.46
true,closer/close,Chinese,4589-16534f5f-ea0d-49f5-bf6a-184157da4c79.47
true,equal/far,Chinese,4589-16534f5f-ea0d-49f5-bf6a-184157da4c79.48
false,closer/close,Chinese,4589-16534f5f-ea0d-49f5-bf6a-184157da4c79.49
false,equal/far,Chinese,4589-16534f5f-ea0d-49f5-bf6a-184157da4c79.5
true,closer/close,Chinese,4589-16534f5f-ea0d-49f5-bf6a-184157da4c79.50
false,equal/far,Chinese,4589-16534f5f-ea0d-49f5-bf6a-184157da4c79.6
false,further/split,Chinese,4589-16534f5f-ea0d-49f5-bf6a-184157da4c79.7
false,further/split,Chinese,4589-16534f5f-ea0d-49f5-bf6a-184157da4c79.8
true,equal/far,Chinese,4589-16534f5f-ea0d-49f5-bf6a-184157da4c79.9
true,further/split,Chinese,4897-de14bbb4-eb62-447f-9190-ad5729cc33d8.1
true,further/split,Chinese,4897-de14bbb4-eb62-447f-9190-ad5729cc33d8.10
true,further/split,Chinese,4897-de14bbb4-eb62-447f-9190-ad5729cc33d8.11
true,equal/far,Chinese,4897-de14bbb4-eb62-447f-9190-ad5729cc33d8.12
true,equal/far,Chinese,4897-de14bbb4-eb62-447f-9190-ad5729cc33d8.13
true,equal/far,Chinese,4897-de14bbb4-eb62-447f-9190-ad5729cc33d8.14
true,further/split,Chinese,4897-de14bbb4-eb62-447f-9190-ad5729cc33d8.15
false,further/split,Chinese,4897-de14bbb4-eb62-447f-9190-ad5729cc33d8.16
true,closer/close,Chinese,4897-de14bbb4-eb62-447f-9190-ad5729cc33d8.17
true,equal/far,Chinese,4897-de14bbb4-eb62-447f-9190-ad5729cc33d8.18
true,further/split,Chinese,4897-de14bbb4-eb62-447f-9190-ad5729cc33d8.19
true,equal/far,Chinese,4897-de14bbb4-eb62-447f-9190-ad5729cc33d8.2
true,closer/close,Chinese,4897-de14bbb4-eb62-447f-9190-ad5729cc33d8.20
true,equal/far,Chinese,4897-de14bbb4-eb62-447f-9190-ad5729cc33d8.21
true,closer/close,Chinese,4897-de14bbb4-eb62-447f-9190-ad5729cc33d8.22
true,further/split,Chinese,4897-de14bbb4-eb62-447f-9190-ad5729cc33d8.23
true,further/split,Chinese,4897-de14bbb4-eb62-447f-9190-ad5729cc33d8.24
true,closer/close,Chinese,4897-de14bbb4-eb62-447f-9190-ad5729cc33d8.25
true,equal/far,Chinese,4897-de14bbb4-eb62-447f-9190-ad5729cc33d8.26
true,further/split,Chinese,4897-de14bbb4-eb62-447f-9190-ad5729cc33d8.27
true,closer/close,Chinese,4897-de14bbb4-eb62-447f-9190-ad5729cc33d8.28
true,closer/close,Chinese,4897-de14bbb4-eb62-447f-9190-ad5729cc33d8.29
true,further/split,Chinese,4897-de14bbb4-eb62-447f-9190-ad5729cc33d8.3
true,equal/far,Chinese,4897-de14bbb4-eb62-447f-9190-ad5729cc33d8.30
true,equal/far,Chinese,4897-de14bbb4-eb62-447f-9190-ad5729cc33d8.31
false,closer/close,Chinese,4897-de14bbb4-eb62-447f-9190-ad5729cc33d8.32
true,further/split,Chinese,4897-de14bbb4-eb62-447f-9190-ad5729cc33d8.33
true,equal/far,Chinese,4897-de14bbb4-eb62-447f-9190-ad5729cc33d8.34
true,closer/close,Chinese,4897-de14bbb4-eb62-447f-9190-ad5729cc33d8.35
true,equal/far,Chinese,4897-de14bbb4-eb62-447f-9190-ad5729cc33d8.36
true,equal/far,Chinese,4897-de14bbb4-eb62-447f-9190-ad5729cc33d8.37
true,closer/close,Chinese,4897-de14bbb4-eb62-447f-9190-ad5729cc33d8.38
true,equal/far,Chinese,4897-de14bbb4-eb62-447f-9190-ad5729cc33d8.39
true,closer/close,Chinese,4897-de14bbb4-eb62-447f-9190-ad5729cc33d8.4
true,further/split,Chinese,4897-de14bbb4-eb62-447f-9190-ad5729cc33d8.40
false,closer/close,Chinese,4897-de14bbb4-eb62-447f-9190-ad5729cc33d8.41
true,equal/far,Chinese,4897-de14bbb4-eb62-447f-9190-ad5729cc33d8.42
true,further/split,Chinese,4897-de14bbb4-eb62-447f-9190-ad5729cc33d8.43
false,closer/close,Chinese,4897-de14bbb4-eb62-447f-9190-ad5729cc33d8.44
true,closer/close,Chinese,4897-de14bbb4-eb62-447f-9190-ad5729cc33d8.45
false,further/split,Chinese,4897-de14bbb4-eb62-447f-9190-ad5729cc33d8.46
false,closer/close,Chinese,4897-de14bbb4-eb62-447f-9190-ad5729cc33d8.47
true,further/split,Chinese,4897-de14bbb4-eb62-447f-9190-ad5729cc33d8.48
true,equal/far,Chinese,4897-de14bbb4-eb62-447f-9190-ad5729cc33d8.49
false,closer/close,Chinese,4897-de14bbb4-eb62-447f-9190-ad5729cc33d8.5
true,closer/close,Chinese,4897-de14bbb4-eb62-447f-9190-ad5729cc33d8.50
true,equal/far,Chinese,4897-de14bbb4-eb62-447f-9190-ad5729cc33d8.6
true,further/split,Chinese,4897-de14bbb4-eb62-447f-9190-ad5729cc33d8.7
true,closer/close,Chinese,4897-de14bbb4-eb62-447f-9190-ad5729cc33d8.8
true,further/split,Chinese,4897-de14bbb4-eb62-447f-9190-ad5729cc33d8.9
false,further/split,Chinese,5153-a73c009e-95ab-4762-ac93-e60600ba6c3d.1
true,closer/close,Chinese,5153-a73c009e-95ab-4762-ac93-e60600ba6c3d.10
true,closer/close,Chinese,5153-a73c009e-95ab-4762-ac93-e60600ba6c3d.11
true,closer/close,Chinese,5153-a73c009e-95ab-4762-ac93-e60600ba6c3d.12
true,equal/far,Chinese,5153-a73c009e-95ab-4762-ac93-e60600ba6c3d.13
false,equal/far,Chinese,5153-a73c009e-95ab-4762-ac93-e60600ba6c3d.14
true,closer/close,Chinese,5153-a73c009e-95ab-4762-ac93-e60600ba6c3d.15
true,further/split,Chinese,5153-a73c009e-95ab-4762-ac93-e60600ba6c3d.16
true,equal/far,Chinese,5153-a73c009e-95ab-4762-ac93-e60600ba6c3d.17
true,further/split,Chinese,5153-a73c009e-95ab-4762-ac93-e60600ba6c3d.18
true,equal/far,Chinese,5153-a73c009e-95ab-4762-ac93-e60600ba6c3d.19
true,equal/far,Chinese,5153-a73c009e-95ab-4762-ac93-e60600ba6c3d.2
false,closer/close,Chinese,5153-a73c009e-95ab-4762-ac93-e60600ba6c3d.20
true,equal/far,Chinese,5153-a73c009e-95ab-4762-ac93-e60600ba6c3d.21
true,equal/far,Chinese,5153-a73c009e-95ab-4762-ac93-e60600ba6c3d.22
true,further/split,Chinese,5153-a73c009e-95ab-4762-ac93-e60600ba6c3d.23
false,closer/close,Chinese,5153-a73c009e-95ab-4762-ac93-e60600ba6c3d.24
true,further/split,Chinese,5153-a73c009e-95ab-4762-ac93-e60600ba6c3d.25
true,further/split,Chinese,5153-a73c009e-95ab-4762-ac93-e60600ba6c3d.26
true,further/split,Chinese,5153-a73c009e-95ab-4762-ac93-e60600ba6c3d.27
true,equal/far,Chinese,5153-a73c009e-95ab-4762-ac93-e60600ba6c3d.28
true,further/split,Chinese,5153-a73c009e-95ab-4762-ac93-e60600ba6c3d.29
true,closer/close,Chinese,5153-a73c009e-95ab-4762-ac93-e60600ba6c3d.3
true,closer/close,Chinese,5153-a73c009e-95ab-4762-ac93-e60600ba6c3d.30
true,closer/close,Chinese,5153-a73c009e-95ab-4762-ac93-e60600ba6c3d.31
true,further/split,Chinese,5153-a73c009e-95ab-4762-ac93-e60600ba6c3d.32
false,closer/close,Chinese,5153-a73c009e-95ab-4762-ac93-e60600ba6c3d.33
true,equal/far,Chinese,5153-a73c009e-95ab-4762-ac93-e60600ba6c3d.34
true,closer/close,Chinese,5153-a73c009e-95ab-4762-ac93-e60600ba6c3d.35
true,equal/far,Chinese,5153-a73c009e-95ab-4762-ac93-e60600ba6c3d.36
true,further/split,Chinese,5153-a73c009e-95ab-4762-ac93-e60600ba6c3d.37
false,closer/close,Chinese,5153-a73c009e-95ab-4762-ac93-e60600ba6c3d.38
true,equal/far,Chinese,5153-a73c009e-95ab-4762-ac93-e60600ba6c3d.39
true,closer/close,Chinese,5153-a73c009e-95ab-4762-ac93-e60600ba6c3d.4
false,further/split,Chinese,5153-a73c009e-95ab-4762-ac93-e60600ba6c3d.40
true,closer/close,Chinese,5153-a73c009e-95ab-4762-ac93-e60600ba6c3d.41
true,equal/far,Chinese,5153-a73c009e-95ab-4762-ac93-e60600ba6c3d.42
true,further/split,Chinese,5153-a73c009e-95ab-4762-ac93-e60600ba6c3d.43
true,equal/far,Chinese,5153-a73c009e-95ab-4762-ac93-e60600ba6c3d.44
true,equal/far,Chinese,5153-a73c009e-95ab-4762-ac93-e60600ba6c3d.45
true,further/split,Chinese,5153-a73c009e-95ab-4762-ac93-e60600ba6c3d.46
true,equal/far,Chinese,5153-a73c009e-95ab-4762-ac93-e60600ba6c3d.47
true,equal/far,Chinese,5153-a73c009e-95ab-4762-ac93-e60600ba6c3d.48
true,further/split,Chinese,5153-a73c009e-95ab-4762-ac93-e60600ba6c3d.49
true,closer/close,Chinese,5153-a73c009e-95ab-4762-ac93-e60600ba6c3d.5
true,equal/far,Chinese,5153-a73c009e-95ab-4762-ac93-e60600ba6c3d.50
true,closer/close,Chinese,5153-a73c009e-95ab-4762-ac93-e60600ba6c3d.6
true,further/split,Chinese,5153-a73c009e-95ab-4762-ac93-e60600ba6c3d.7
true,closer/close,Chinese,5153-a73c009e-95ab-4762-ac93-e60600ba6c3d.8
true,further/split,Chinese,5153-a73c009e-95ab-4762-ac93-e60600ba6c3d.9
true,closer/close,Chinese,5465-9799631c-c1a7-4b17-8944-307f2bf89df2.1
false,further/split,Chinese,5868-39a69aa5-b3d0-4893-9448-65f97cc6fc60.1
true,equal/far,Chinese,5868-39a69aa5-b3d0-4893-9448-65f97cc6fc60.10
true,equal/far,Chinese,5868-39a69aa5-b3d0-4893-9448-65f97cc6fc60.11
true,equal/far,Chinese,5868-39a69aa5-b3d0-4893-9448-65f97cc6fc60.12
true,closer/close,Chinese,5868-39a69aa5-b3d0-4893-9448-65f97cc6fc60.13
true,further/split,Chinese,5868-39a69aa5-b3d0-4893-9448-65f97cc6fc60.14
true,closer/close,Chinese,5868-39a69aa5-b3d0-4893-9448-65f97cc6fc60.15
true,equal/far,Chinese,5868-39a69aa5-b3d0-4893-9448-65f97cc6fc60.16
true,equal/far,Chinese,5868-39a69aa5-b3d0-4893-9448-65f97cc6fc60.17
true,further/split,Chinese,5868-39a69aa5-b3d0-4893-9448-65f97cc6fc60.18
false,closer/close,Chinese,5868-39a69aa5-b3d0-4893-9448-65f97cc6fc60.19
true,closer/close,Chinese,5868-39a69aa5-b3d0-4893-9448-65f97cc6fc60.2
true,closer/close,Chinese,5868-39a69aa5-b3d0-4893-9448-65f97cc6fc60.20
true,further/split,Chinese,5868-39a69aa5-b3d0-4893-9448-65f97cc6fc60.21
true,closer/close,Chinese,5868-39a69aa5-b3d0-4893-9448-65f97cc6fc60.22
true,closer/close,Chinese,5868-39a69aa5-b3d0-4893-9448-65f97cc6fc60.23
false,further/split,Chinese,5868-39a69aa5-b3d0-4893-9448-65f97cc6fc60.24
true,closer/close,Chinese,5868-39a69aa5-b3d0-4893-9448-65f97cc6fc60.25
true,equal/far,Chinese,5868-39a69aa5-b3d0-4893-9448-65f97cc6fc60.26
true,equal/far,Chinese,5868-39a69aa5-b3d0-4893-9448-65f97cc6fc60.27
true,equal/far,Chinese,5868-39a69aa5-b3d0-4893-9448-65f97cc6fc60.28
true,equal/far,Chinese,5868-39a69aa5-b3d0-4893-9448-65f97cc6fc60.29
true,further/split,Chinese,5868-39a69aa5-b3d0-4893-9448-65f97cc6fc60.3
true,further/split,Chinese,5868-39a69aa5-b3d0-4893-9448-65f97cc6fc60.30
true,further/split,Chinese,5868-39a69aa5-b3d0-4893-9448-65f97cc6fc60.31
true,equal/far,Chinese,5868-39a69aa5-b3d0-4893-9448-65f97cc6fc60.32
true,further/split,Chinese,5868-39a69aa5-b3d0-4893-9448-65f97cc6fc60.33
true,equal/far,Chinese,5868-39a69aa5-b3d0-4893-9448-65f97cc6fc60.34
true,closer/close,Chinese,5868-39a69aa5-b3d0-4893-9448-65f97cc6fc60.35
true,equal/far,Chinese,5868-39a69aa5-b3d0-4893-9448-65f97cc6fc60.36
true,further/split,Chinese,5868-39a69aa5-b3d0-4893-9448-65f97cc6fc60.37
true,equal/far,Chinese,5868-39a69aa5-b3d0-4893-9448-65f97cc6fc60.38
false,closer/close,Chinese,5868-39a69aa5-b3d0-4893-9448-65f97cc6fc60.39
true,equal/far,Chinese,5868-39a69aa5-b3d0-4893-9448-65f97cc6fc60.4
true,further/split,Chinese,5868-39a69aa5-b3d0-4893-9448-65f97cc6fc60.40
true,closer/close,Chinese,5868-39a69aa5-b3d0-4893-9448-65f97cc6fc60.41
true,closer/close,Chinese,5868-39a69aa5-b3d0-4893-9448-65f97cc6fc60.42
true,closer/close,Chinese,5868-39a69aa5-b3d0-4893-9448-65f97cc6fc60.43
true,further/split,Chinese,5868-39a69aa5-b3d0-4893-9448-65f97cc6fc60.44
true,closer/close,Chinese,5868-39a69aa5-b3d0-4893-9448-65f97cc6fc60.45
true,closer/close,Chinese,5868-39a69aa5-b3d0-4893-9448-65f97cc6fc60.46
true,equal/far,Chinese,5868-39a69aa5-b3d0-4893-9448-65f97cc6fc60.47
true,closer/close,Chinese,5868-39a69aa5-b3d0-4893-9448-65f97cc6fc60.48
true,further/split,Chinese,5868-39a69aa5-b3d0-4893-9448-65f97cc6fc60.49
true,closer/close,Chinese,5868-39a69aa5-b3d0-4893-9448-65f97cc6fc60.5
true,further/split,Chinese,5868-39a69aa5-b3d0-4893-9448-65f97cc6fc60.50
true,further/split,Chinese,5868-39a69aa5-b3d0-4893-9448-65f97cc6fc60.6
true,further/split,Chinese,5868-39a69aa5-b3d0-4893-9448-65f97cc6fc60.7
true,equal/far,Chinese,5868-39a69aa5-b3d0-4893-9448-65f97cc6fc60.8
true,further/split,Chinese,5868-39a69aa5-b3d0-4893-9448-65f97cc6fc60.9
false,closer/close,Chinese,6833-33da8ed2-3343-4e4f-b330-972373a0e92b.1
true,closer/close,Chinese,6833-33da8ed2-3343-4e4f-b330-972373a0e92b.10
true,equal/far,Chinese,6833-33da8ed2-3343-4e4f-b330-972373a0e92b.11
true,further/split,Chinese,6833-33da8ed2-3343-4e4f-b330-972373a0e92b.12
true,further/split,Chinese,6833-33da8ed2-3343-4e4f-b330-972373a0e92b.13
true,closer/close,Chinese,6833-33da8ed2-3343-4e4f-b330-972373a0e92b.14
true,further/split,Chinese,6833-33da8ed2-3343-4e4f-b330-972373a0e92b.15
true,equal/far,Chinese,6833-33da8ed2-3343-4e4f-b330-972373a0e92b.16
true,equal/far,Chinese,6833-33da8ed2-3343-4e4f-b330-972373a0e92b.17
true,equal/far,Chinese,6833-33da8ed2-3343-4e4f-b330-972373a0e92b.18
true,closer/close,Chinese,6833-33da8ed2-3343-4e4f-b330-972373a0e92b.19
true,closer/close,Chinese,6833-33da8ed2-3343-4e4f-b330-972373a0e92b.2
true,further/split,Chinese,6833-33da8ed2-3343-4e4f-b330-972373a0e92b.20
true,further/split,Chinese,6833-33da8ed2-3343-4e4f-b330-972373a0e92b.21
true,further/split,Chinese,6833-33da8ed2-3343-4e4f-b330-972373a0e92b.22
true,closer/close,Chinese,6833-33da8ed2-3343-4e4f-b330-972373a0e92b.23
true,closer/close,Chinese,6833-33da8ed2-3343-4e4f-b330-972373a0e92b.24
true,equal/far,Chinese,6833-33da8ed2-3343-4e4f-b330-972373a0e92b.25
true,closer/close,Chinese,6833-33da8ed2-3343-4e4f-b330-972373a0e92b.26
true,further/split,Chinese,6833-33da8ed2-3343-4e4f-b330-972373a0e92b.27
true,equal/far,Chinese,6833-33da8ed2-3343-4e4f-b330-972373a0e92b.28
true,equal/far,Chinese,6833-33da8ed2-3343-4e4f-b330-972373a0e92b.29
true,equal/far,Chinese,6833-33da8ed2-3343-4e4f-b330-972373a0e92b.3
false,closer/close,Chinese,6833-33da8ed2-3343-4e4f-b330-972373a0e92b.30
true,further/split,Chinese,6833-33da8ed2-3343-4e4f-b330-972373a0e92b.31
true,closer/close,Chinese,6833-33da8ed2-3343-4e4f-b330-972373a0e92b.32
true,further/split,Chinese,6833-33da8ed2-3343-4e4f-b330-972373a0e92b.33
true,equal/far,Chinese,6833-33da8ed2-3343-4e4f-b330-972373a0e92b.34
false,further/split,Chinese,6833-33da8ed2-3343-4e4f-b330-972373a0e92b.35
true,further/split,Chinese,6833-33da8ed2-3343-4e4f-b330-972373a0e92b.36
true,closer/close,Chinese,6833-33da8ed2-3343-4e4f-b330-972373a0e92b.37
true,closer/close,Chinese,6833-33da8ed2-3343-4e4f-b330-972373a0e92b.38
true,closer/close,Chinese,6833-33da8ed2-3343-4e4f-b330-972373a0e92b.39
true,equal/far,Chinese,6833-33da8ed2-3343-4e4f-b330-972373a0e92b.4
true,closer/close,Chinese,6833-33da8ed2-3343-4e4f-b330-972373a0e92b.40
true,closer/close,Chinese,6833-33da8ed2-3343-4e4f-b330-972373a0e92b.41
true,closer/close,Chinese,6833-33da8ed2-3343-4e4f-b330-972373a0e92b.42
true,equal/far,Chinese,6833-33da8ed2-3343-4e4f-b330-972373a0e92b.43
true,equal/far,Chinese,6833-33da8ed2-3343-4e4f-b330-972373a0e92b.44
true,equal/far,Chinese,6833-33da8ed2-3343-4e4f-b330-972373a0e92b.45
true,further/split,Chinese,6833-33da8ed2-3343-4e4f-b330-972373a0e92b.46
true,further/split,Chinese,6833-33da8ed2-3343-4e4f-b330-972373a0e92b.47
true,equal/far,Chinese,6833-33da8ed2-3343-4e4f-b330-972373a0e92b.48
true,closer/close,Chinese,6833-33da8ed2-3343-4e4f-b330-972373a0e92b.49
true,further/split,Chinese,6833-33da8ed2-3343-4e4f-b330-972373a0e92b.5
true,further/split,Chinese,6833-33da8ed2-3343-4e4f-b330-972373a0e92b.50
true,equal/far,Chinese,6833-33da8ed2-3343-4e4f-b330-972373a0e92b.6
true,further/split,Chinese,6833-33da8ed2-3343-4e4f-b330-972373a0e92b.7
true,further/split,Chinese,6833-33da8ed2-3343-4e4f-b330-972373a0e92b.8
true,equal/far,Chinese,6833-33da8ed2-3343-4e4f-b330-972373a0e92b.9
true,closer/close,Chinese,7024-9f33f165-8d4a-44db-8b60-8236445b9073.1
true,further/split,Chinese,7024-9f33f165-8d4a-44db-8b60-8236445b9073.10
true,further/split,Chinese,7024-9f33f165-8d4a-44db-8b60-8236445b9073.11
true,closer/close,Chinese,7024-9f33f165-8d4a-44db-8b60-8236445b9073.12
true,closer/close,Chinese,7024-9f33f165-8d4a-44db-8b60-8236445b9073.13
true,equal/far,Chinese,7024-9f33f165-8d4a-44db-8b60-8236445b9073.14
true,further/split,Chinese,7024-9f33f165-8d4a-44db-8b60-8236445b9073.15
true,further/split,Chinese,7024-9f33f165-8d4a-44db-8b60-8236445b9073.16
true,closer/close,Chinese,7024-9f33f165-8d4a-44db-8b60-8236445b9073.17
true,equal/far,Chinese,7024-9f33f165-8d4a-44db-8b60-8236445b9073.18
true,equal/far,Chinese,7024-9f33f165-8d4a-44db-8b60-8236445b9073.19
true,equal/far,Chinese,7024-9f33f165-8d4a-44db-8b60-8236445b9073.2
false,further/split,Chinese,7024-9f33f165-8d4a-44db-8b60-8236445b9073.20
true,closer/close,Chinese,7024-9f33f165-8d4a-44db-8b60-8236445b9073.21
true,closer/close,Chinese,7024-9f33f165-8d4a-44db-8b60-8236445b9073.22
true,equal/far,Chinese,7024-9f33f165-8d4a-44db-8b60-8236445b9073.3
false,closer/close,Chinese,7024-9f33f165-8d4a-44db-8b60-8236445b9073.4
true,equal/far,Chinese,7024-9f33f165-8d4a-44db-8b60-8236445b9073.5
true,closer/close,Chinese,7024-9f33f165-8d4a-44db-8b60-8236445b9073.6
true,further/split,Chinese,7024-9f33f165-8d4a-44db-8b60-8236445b9073.7
true,equal/far,Chinese,7024-9f33f165-8d4a-44db-8b60-8236445b9073.8
true,closer/close,Chinese,7024-9f33f165-8d4a-44db-8b60-8236445b9073.9
false,equal/far,Chinese,7226-ccc3b8d4-37a4-4334-9095-74260418e8c1.1
true,further/split,Chinese,7266-a19a5680-212b-4740-b7c3-897388466b48.1
true,equal/far,Chinese,7266-a19a5680-212b-4740-b7c3-897388466b48.10
true,equal/far,Chinese,7266-a19a5680-212b-4740-b7c3-897388466b48.11
true,further/split,Chinese,7266-a19a5680-212b-4740-b7c3-897388466b48.12
false,further/split,Chinese,7266-a19a5680-212b-4740-b7c3-897388466b48.13
false,closer/close,Chinese,7266-a19a5680-212b-4740-b7c3-897388466b48.14
true,closer/close,Chinese,7266-a19a5680-212b-4740-b7c3-897388466b48.15
true,equal/far,Chinese,7266-a19a5680-212b-4740-b7c3-897388466b48.16
true,closer/close,Chinese,7266-a19a5680-212b-4740-b7c3-897388466b48.17
true,further/split,Chinese,7266-a19a5680-212b-4740-b7c3-897388466b48.18
true,equal/far,Chinese,7266-a19a5680-212b-4740-b7c3-897388466b48.19
true,further/split,Chinese,7266-a19a5680-212b-4740-b7c3-897388466b48.2
true,further/split,Chinese,7266-a19a5680-212b-4740-b7c3-897388466b48.20
true,equal/far,Chinese,7266-a19a5680-212b-4740-b7c3-897388466b48.21
false,closer/close,Chinese,7266-a19a5680-212b-4740-b7c3-897388466b48.22
true,equal/far,Chinese,7266-a19a5680-212b-4740-b7c3-897388466b48.23
true,closer/close,Chinese,7266-a19a5680-212b-4740-b7c3-897388466b48.24
true,further/split,Chinese,7266-a19a5680-212b-4740-b7c3-897388466b48.25
true,equal/far,Chinese,7266-a19a5680-212b-4740-b7c3-897388466b48.3
true,further/split,Chinese,7266-a19a5680-212b-4740-b7c3-897388466b48.4
true,closer/close,Chinese,7266-a19a5680-212b-4740-b7c3-897388466b48.5
true,closer/close,Chinese,7266-a19a5680-212b-4740-b7c3-897388466b48.6
true,equal/far,Chinese,7266-a19a5680-212b-4740-b7c3-897388466b48.7
true,closer/close,Chinese,7266-a19a5680-212b-4740-b7c3-897388466b48.8
true,equal/far,Chinese,7266-a19a5680-212b-4740-b7c3-897388466b48.9
false,further/split,Chinese,7645-31884455-9ae0-4726-a830-00d8014ac468.1
false,closer/close,Chinese,7645-31884455-9ae0-4726-a830-00d8014ac468.10
false,closer/close,Chinese,7645-31884455-9ae0-4726-a830-00d8014ac468.11
true,equal/far,Chinese,7645-31884455-9ae0-4726-a830-00d8014ac468.2
false,further/split,Chinese,7645-31884455-9ae0-4726-a830-00d8014ac468.3
true,equal/far,Chinese,7645-31884455-9ae0-4726-a830-00d8014ac468.4
false,closer/close,Chinese,7645-31884455-9ae0-4726-a830-00d8014ac468.5
false,further/split,Chinese,7645-31884455-9ae0-4726-a830-00d8014ac468.6
true,equal/far,Chinese,7645-31884455-9ae0-4726-a830-00d8014ac468.7
true,equal/far,Chinese,7645-31884455-9ae0-4726-a830-00d8014ac468.8
true,equal/far,Chinese,7645-31884455-9ae0-4726-a830-00d8014ac468.9
true,equal/far,Chinese,7778-fff6a029-3272-4086-8ce5-a031948fac33.1
true,closer/close,Chinese,7778-fff6a029-3272-4086-8ce5-a031948fac33.10
true,equal/far,Chinese,7778-fff6a029-3272-4086-8ce5-a031948fac33.11
true,closer/close,Chinese,7778-fff6a029-3272-4086-8ce5-a031948fac33.12
true,equal/far,Chinese,7778-fff6a029-3272-4086-8ce5-a031948fac33.13
true,equal/far,Chinese,7778-fff6a029-3272-4086-8ce5-a031948fac33.14
true,closer/close,Chinese,7778-fff6a029-3272-4086-8ce5-a031948fac33.15
true,closer/close,Chinese,7778-fff6a029-3272-4086-8ce5-a031948fac33.16
true,equal/far,Chinese,7778-fff6a029-3272-4086-8ce5-a031948fac33.17
true,equal/far,Chinese,7778-fff6a029-3272-4086-8ce5-a031948fac33.18
true,equal/far,Chinese,7778-fff6a029-3272-4086-8ce5-a031948fac33.19
true,further/split,Chinese,7778-fff6a029-3272-4086-8ce5-a031948fac33.2
true,closer/close,Chinese,7778-fff6a029-3272-4086-8ce5-a031948fac33.20
true,equal/far,Chinese,7778-fff6a029-3272-4086-8ce5-a031948fac33.21
true,closer/close,Chinese,7778-fff6a029-3272-4086-8ce5-a031948fac33.22
true,further/split,Chinese,7778-fff6a029-3272-4086-8ce5-a031948fac33.23
true,further/split,Chinese,7778-fff6a029-3272-4086-8ce5-a031948fac33.24
true,closer/close,Chinese,7778-fff6a029-3272-4086-8ce5-a031948fac33.25
true,equal/far,Chinese,7778-fff6a029-3272-4086-8ce5-a031948fac33.26
true,closer/close,Chinese,7778-fff6a029-3272-4086-8ce5-a031948fac33.27
true,closer/close,Chinese,7778-fff6a029-3272-4086-8ce5-a031948fac33.28
true,equal/far,Chinese,7778-fff6a029-3272-4086-8ce5-a031948fac33.29
true,further/split,Chinese,7778-fff6a029-3272-4086-8ce5-a031948fac33.3
true,further/split,Chinese,7778-fff6a029-3272-4086-8ce5-a031948fac33.30
true,closer/close,Chinese,7778-fff6a029-3272-4086-8ce5-a031948fac33.31
true,equal/far,Chinese,7778-fff6a029-3272-4086-8ce5-a031948fac33.32
true,further/split,Chinese,7778-fff6a029-3272-4086-8ce5-a031948fac33.33
true,further/split,Chinese,7778-fff6a029-3272-4086-8ce5-a031948fac33.34
true,closer/close,Chinese,7778-fff6a029-3272-4086-8ce5-a031948fac33.35
true,equal/far,Chinese,7778-fff6a029-3272-4086-8ce5-a031948fac33.36
true,further/split,Chinese,7778-fff6a029-3272-4086-8ce5-a031948fac33.37
true,further/split,Chinese,7778-fff6a029-3272-4086-8ce5-a031948fac33.38
true,further/split,Chinese,7778-fff6a029-3272-4086-8ce5-a031948fac33.39
true,closer/close,Chinese,7778-fff6a029-3272-4086-8ce5-a031948fac33.4
true,further/split,Chinese,7778-fff6a029-3272-4086-8ce5-a031948fac33.40
true,closer/close,Chinese,7778-fff6a029-3272-4086-8ce5-a031948fac33.41
true,closer/close,Chinese,7778-fff6a029-3272-4086-8ce5-a031948fac33.42
true,closer/close,Chinese,7778-fff6a029-3272-4086-8ce5-a031948fac33.43
true,equal/far,Chinese,7778-fff6a029-3272-4086-8ce5-a031948fac33.44
true,further/split,Chinese,7778-fff6a029-3272-4086-8ce5-a031948fac33.45
true,further/split,Chinese,7778-fff6a029-3272-4086-8ce5-a031948fac33.46
true,equal/far,Chinese,7778-fff6a029-3272-4086-8ce5-a031948fac33.47
true,equal/far,Chinese,7778-fff6a029-3272-4086-8ce5-a031948fac33.48
false,closer/close,Chinese,7778-fff6a029-3272-4086-8ce5-a031948fac33.49
true,equal/far,Chinese,7778-fff6a029-3272-4086-8ce5-a031948fac33.5
true,further/split,Chinese,7778-fff6a029-3272-4086-8ce5-a031948fac33.50
true,further/split,Chinese,7778-fff6a029-3272-4086-8ce5-a031948fac33.6
true,closer/close,Chinese,7778-fff6a029-3272-4086-8ce5-a031948fac33.7
true,further/split,Chinese,7778-fff6a029-3272-4086-8ce5-a031948fac33.8
true,further/split,Chinese,7778-fff6a029-3272-4086-8ce5-a031948fac33.9
true,further/split,Chinese,7921-645b72d1-e1bf-4121-b9b4-d04e9d5c906f.1
true,further/split,Chinese,7921-645b72d1-e1bf-4121-b9b4-d04e9d5c906f.10
true,closer/close,Chinese,7921-645b72d1-e1bf-4121-b9b4-d04e9d5c906f.11
true,equal/far,Chinese,7921-645b72d1-e1bf-4121-b9b4-d04e9d5c906f.12
true,further/split,Chinese,7921-645b72d1-e1bf-4121-b9b4-d04e9d5c906f.13
true,closer/close,Chinese,7921-645b72d1-e1bf-4121-b9b4-d04e9d5c906f.14
true,equal/far,Chinese,7921-645b72d1-e1bf-4121-b9b4-d04e9d5c906f.15
true,closer/close,Chinese,7921-645b72d1-e1bf-4121-b9b4-d04e9d5c906f.16
true,equal/far,Chinese,7921-645b72d1-e1bf-4121-b9b4-d04e9d5c906f.17
true,closer/close,Chinese,7921-645b72d1-e1bf-4121-b9b4-d04e9d5c906f.18
true,further/split,Chinese,7921-645b72d1-e1bf-4121-b9b4-d04e9d5c906f.19
true,further/split,Chinese,7921-645b72d1-e1bf-4121-b9b4-d04e9d5c906f.2
true,equal/far,Chinese,7921-645b72d1-e1bf-4121-b9b4-d04e9d5c906f.20
true,closer/close,Chinese,7921-645b72d1-e1bf-4121-b9b4-d04e9d5c906f.21
true,equal/far,Chinese,7921-645b72d1-e1bf-4121-b9b4-d04e9d5c906f.22
true,further/split,Chinese,7921-645b72d1-e1bf-4121-b9b4-d04e9d5c906f.23
true,further/split,Chinese,7921-645b72d1-e1bf-4121-b9b4-d04e9d5c906f.24
true,further/split,Chinese,7921-645b72d1-e1bf-4121-b9b4-d04e9d5c906f.25
true,further/split,Chinese,7921-645b72d1-e1bf-4121-b9b4-d04e9d5c906f.26
true,equal/far,Chinese,7921-645b72d1-e1bf-4121-b9b4-d04e9d5c906f.27
true,closer/close,Chinese,7921-645b72d1-e1bf-4121-b9b4-d04e9d5c906f.28
true,closer/close,Chinese,7921-645b72d1-e1bf-4121-b9b4-d04e9d5c906f.29
true,further/split,Chinese,7921-645b72d1-e1bf-4121-b9b4-d04e9d5c906f.3
true,equal/far,Chinese,7921-645b72d1-e1bf-4121-b9b4-d04e9d5c906f.30
true,closer/close,Chinese,7921-645b72d1-e1bf-4121-b9b4-d04e9d5c906f.31
true,closer/close,Chinese,7921-645b72d1-e1bf-4121-b9b4-d04e9d5c906f.32
true,further/split,Chinese,7921-645b72d1-e1bf-4121-b9b4-d04e9d5c906f.33
true,further/split,Chinese,7921-645b72d1-e1bf-4121-b9b4-d04e9d5c906f.34
true,further/split,Chinese,7921-645b72d1-e1bf-4121-b9b4-d04e9d5c906f.35
true,further/split,Chinese,7921-645b72d1-e1bf-4121-b9b4-d04e9d5c906f.36
true,equal/far,Chinese,7921-645b72d1-e1bf-4121-b9b4-d04e9d5c906f.37
true,closer/close,Chinese,7921-645b72d1-e1bf-4121-b9b4-d04e9d5c906f.38
true,closer/close,Chinese,7921-645b72d1-e1bf-4121-b9b4-d04e9d5c906f.39
true,closer/close,Chinese,7921-645b72d1-e1bf-4121-b9b4-d04e9d5c906f.4
true,equal/far,Chinese,7921-645b72d1-e1bf-4121-b9b4-d04e9d5c906f.40
true,closer/close,Chinese,7921-645b72d1-e1bf-4121-b9b4-d04e9d5c906f.41
true,closer/close,Chinese,7921-645b72d1-e1bf-4121-b9b4-d04e9d5c906f.42
true,equal/far,Chinese,7921-645b72d1-e1bf-4121-b9b4-d04e9d5c906f.43
true,further/split,Chinese,7921-645b72d1-e1bf-4121-b9b4-d04e9d5c906f.44
true,equal/far,Chinese,7921-645b72d1-e1bf-4121-b9b4-d04e9d5c906f.45
true,equal/far,Chinese,7921-645b72d1-e1bf-4121-b9b4-d04e9d5c906f.46
true,equal/far,Chinese,7921-645b72d1-e1bf-4121-b9b4-d04e9d5c906f.47
true,further/split,Chinese,7921-645b72d1-e1bf-4121-b9b4-d04e9d5c906f.48
true,equal/far,Chinese,7921-645b72d1-e1bf-4121-b9b4-d04e9d5c906f.49
true,equal/far,Chinese,7921-645b72d1-e1bf-4121-b9b4-d04e9d5c906f.5
true,equal/far,Chinese,7921-645b72d1-e1bf-4121-b9b4-d04e9d5c906f.50
true,equal/far,Chinese,7921-645b72d1-e1bf-4121-b9b4-d04e9d5c906f.6
true,closer/close,Chinese,7921-645b72d1-e1bf-4121-b9b4-d04e9d5c906f.7
true,closer/close,Chinese,7921-645b72d1-e1bf-4121-b9b4-d04e9d5c906f.8
true,closer/close,Chinese,7921-645b72d1-e1bf-4121-b9b4-d04e9d5c906f.9
true,closer/close,Chinese,7991-2be4a4f0-a5f7-40e2-9854-4765af54e7c7.1
true,further/split,Chinese,7991-2be4a4f0-a5f7-40e2-9854-4765af54e7c7.10
true,closer/close,Chinese,7991-2be4a4f0-a5f7-40e2-9854-4765af54e7c7.11
true,further/split,Chinese,7991-2be4a4f0-a5f7-40e2-9854-4765af54e7c7.12
true,further/split,Chinese,7991-2be4a4f0-a5f7-40e2-9854-4765af54e7c7.13
true,equal/far,Chinese,7991-2be4a4f0-a5f7-40e2-9854-4765af54e7c7.14
true,equal/far,Chinese,7991-2be4a4f0-a5f7-40e2-9854-4765af54e7c7.15
true,further/split,Chinese,7991-2be4a4f0-a5f7-40e2-9854-4765af54e7c7.16
true,further/split,Chinese,7991-2be4a4f0-a5f7-40e2-9854-4765af54e7c7.17
true,closer/close,Chinese,7991-2be4a4f0-a5f7-40e2-9854-4765af54e7c7.18
true,equal/far,Chinese,7991-2be4a4f0-a5f7-40e2-9854-4765af54e7c7.19
true,further/split,Chinese,7991-2be4a4f0-a5f7-40e2-9854-4765af54e7c7.2
true,closer/close,Chinese,7991-2be4a4f0-a5f7-40e2-9854-4765af54e7c7.20
true,equal/far,Chinese,7991-2be4a4f0-a5f7-40e2-9854-4765af54e7c7.21
true,further/split,Chinese,7991-2be4a4f0-a5f7-40e2-9854-4765af54e7c7.22
true,equal/far,Chinese,7991-2be4a4f0-a5f7-40e2-9854-4765af54e7c7.23
true,further/split,Chinese,7991-2be4a4f0-a5f7-40e2-9854-4765af54e7c7.24
true,closer/close,Chinese,7991-2be4a4f0-a5f7-40e2-9854-4765af54e7c7.25
true,further/split,Chinese,7991-2be4a4f0-a5f7-40e2-9854-4765af54e7c7.26
true,equal/far,Chinese,7991-2be4a4f0-a5f7-40e2-9854-4765af54e7c7.27
true,equal/far,Chinese,7991-2be4a4f0-a5f7-40e2-9854-4765af54e7c7.28
true,equal/far,Chinese,7991-2be4a4f0-a5f7-40e2-9854-4765af54e7c7.29
true,further/split,Chinese,7991-2be4a4f0-a5f7-40e2-9854-4765af54e7c7.3
true,further/split,Chinese,7991-2be4a4f0-a5f7-40e2-9854-4765af54e7c7.30
true,further/split,Chinese,7991-2be4a4f0-a5f7-40e2-9854-4765af54e7c7.31
true,further/split,Chinese,7991-2be4a4f0-a5f7-40e2-9854-4765af54e7c7.32
true,further/split,Chinese,7991-2be4a4f0-a5f7-40e2-9854-4765af54e7c7.33
true,further/split,Chinese,7991-2be4a4f0-a5f7-40e2-9854-4765af54e7c7.34
true,closer/close,Chinese,7991-2be4a4f0-a5f7-40e2-9854-4765af54e7c7.35
true,closer/close,Chinese,7991-2be4a4f0-a5f7-40e2-9854-4765af54e7c7.36
true,equal/far,Chinese,7991-2be4a4f0-a5f7-40e2-9854-4765af54e7c7.37
true,closer/close,Chinese,7991-2be4a4f0-a5f7-40e2-9854-4765af54e7c7.38
true,closer/close,Chinese,7991-2be4a4f0-a5f7-40e2-9854-4765af54e7c7.39
true,equal/far,Chinese,7991-2be4a4f0-a5f7-40e2-9854-4765af54e7c7.4
true,closer/close,Chinese,7991-2be4a4f0-a5f7-40e2-9854-4765af54e7c7.40
true,equal/far,Chinese,7991-2be4a4f0-a5f7-40e2-9854-4765af54e7c7.41
true,equal/far,Chinese,7991-2be4a4f0-a5f7-40e2-9854-4765af54e7c7.42
true,closer/close,Chinese,7991-2be4a4f0-a5f7-40e2-9854-4765af54e7c7.43
true,closer/close,Chinese,7991-2be4a4f0-a5f7-40e2-9854-4765af54e7c7.44
true,further/split,Chinese,7991-2be4a4f0-a5f7-40e2-9854-4765af54e7c7.45
true,further/split,Chinese,7991-2be4a4f0-a5f7-40e2-9854-4765af54e7c7.46
true,closer/close,Chinese,7991-2be4a4f0-a5f7-40e2-9854-4765af54e7c7.47
true,closer/close,Chinese,7991-2be4a4f0-a5f7-40e2-9854-4765af54e7c7.48
true,equal/far,Chinese,7991-2be4a4f0-a5f7-40e2-9854-4765af54e7c7.49
true,equal/far,Chinese,7991-2be4a4f0-a5f7-40e2-9854-4765af54e7c7.5
true,equal/far,Chinese,7991-2be4a4f0-a5f7-40e2-9854-4765af54e7c7.50
true,closer/close,Chinese,7991-2be4a4f0-a5f7-40e2-9854-4765af54e7c7.6
true,equal/far,Chinese,7991-2be4a4f0-a5f7-40e2-9854-4765af54e7c7.7
false,closer/close,Chinese,7991-2be4a4f0-a5f7-40e2-9854-4765af54e7c7.8
true,closer/close,Chinese,7991-2be4a4f0-a5f7-40e2-9854-4765af54e7c7.9
true,closer/close,Chinese,8032-611b2ceb-ca98-407b-a880-8e311ae40798.1
true,equal/far,Chinese,8032-611b2ceb-ca98-407b-a880-8e311ae40798.10
true,further/split,Chinese,8032-611b2ceb-ca98-407b-a880-8e311ae40798.11
true,further/split,Chinese,8032-611b2ceb-ca98-407b-a880-8e311ae40798.12
true,equal/far,Chinese,8032-611b2ceb-ca98-407b-a880-8e311ae40798.13
true,further/split,Chinese,8032-611b2ceb-ca98-407b-a880-8e311ae40798.14
true,equal/far,Chinese,8032-611b2ceb-ca98-407b-a880-8e311ae40798.15
true,closer/close,Chinese,8032-611b2ceb-ca98-407b-a880-8e311ae40798.16
true,closer/close,Chinese,8032-611b2ceb-ca98-407b-a880-8e311ae40798.17
true,equal/far,Chinese,8032-611b2ceb-ca98-407b-a880-8e311ae40798.18
true,further/split,Chinese,8032-611b2ceb-ca98-407b-a880-8e311ae40798.19
true,closer/close,Chinese,8032-611b2ceb-ca98-407b-a880-8e311ae40798.2
true,equal/far,Chinese,8032-611b2ceb-ca98-407b-a880-8e311ae40798.20
true,equal/far,Chinese,8032-611b2ceb-ca98-407b-a880-8e311ae40798.21
true,closer/close,Chinese,8032-611b2ceb-ca98-407b-a880-8e311ae40798.22
true,further/split,Chinese,8032-611b2ceb-ca98-407b-a880-8e311ae40798.23
true,equal/far,Chinese,8032-611b2ceb-ca98-407b-a880-8e311ae40798.24
true,further/split,Chinese,8032-611b2ceb-ca98-407b-a880-8e311ae40798.25
true,further/split,Chinese,8032-611b2ceb-ca98-407b-a880-8e311ae40798.26
true,equal/far,Chinese,8032-611b2ceb-ca98-407b-a880-8e311ae40798.27
true,further/split,Chinese,8032-611b2ceb-ca98-407b-a880-8e311ae40798.28
true,closer/close,Chinese,8032-611b2ceb-ca98-407b-a880-8e311ae40798.29
true,equal/far,Chinese,8032-611b2ceb-ca98-407b-a880-8e311ae40798.3
true,closer/close,Chinese,8032-611b2ceb-ca98-407b-a880-8e311ae40798.30
true,closer/close,Chinese,8032-611b2ceb-ca98-407b-a880-8e311ae40798.31
true,closer/close,Chinese,8032-611b2ceb-ca98-407b-a880-8e311ae40798.32
true,closer/close,Chinese,8032-611b2ceb-ca98-407b-a880-8e311ae40798.33
true,further/split,Chinese,8032-611b2ceb-ca98-407b-a880-8e311ae40798.34
true,closer/close,Chinese,8032-611b2ceb-ca98-407b-a880-8e311ae40798.35
true,further/split,Chinese,8032-611b2ceb-ca98-407b-a880-8e311ae40798.36
true,further/split,Chinese,8032-611b2ceb-ca98-407b-a880-8e311ae40798.37
true,closer/close,Chinese,8032-611b2ceb-ca98-407b-a880-8e311ae40798.38
true,equal/far,Chinese,8032-611b2ceb-ca98-407b-a880-8e311ae40798.39
true,equal/far,Chinese,8032-611b2ceb-ca98-407b-a880-8e311ae40798.4
true,further/split,Chinese,8032-611b2ceb-ca98-407b-a880-8e311ae40798.40
true,equal/far,Chinese,8032-611b2ceb-ca98-407b-a880-8e311ae40798.41
true,closer/close,Chinese,8032-611b2ceb-ca98-407b-a880-8e311ae40798.42
true,further/split,Chinese,8032-611b2ceb-ca98-407b-a880-8e311ae40798.43
true,equal/far,Chinese,8032-611b2ceb-ca98-407b-a880-8e311ae40798.44
true,further/split,Chinese,8032-611b2ceb-ca98-407b-a880-8e311ae40798.45
true,equal/far,Chinese,8032-611b2ceb-ca98-407b-a880-8e311ae40798.46
true,closer/close,Chinese,8032-611b2ceb-ca98-407b-a880-8e311ae40798.47
true,closer/close,Chinese,8032-611b2ceb-ca98-407b-a880-8e311ae40798.48
false,further/split,Chinese,8032-611b2ceb-ca98-407b-a880-8e311ae40798.49
true,further/split,Chinese,8032-611b2ceb-ca98-407b-a880-8e311ae40798.5
true,closer/close,Chinese,8032-611b2ceb-ca98-407b-a880-8e311ae40798.50
true,closer/close,Chinese,8032-611b2ceb-ca98-407b-a880-8e311ae40798.6
true,equal/far,Chinese,8032-611b2ceb-ca98-407b-a880-8e311ae40798.7
true,equal/far,Chinese,8032-611b2ceb-ca98-407b-a880-8e311ae40798.8
true,equal/far,Chinese,8032-611b2ceb-ca98-407b-a880-8e311ae40798.9
true,closer/close,Chinese,8146-390e8c1f-f8e2-4a34-bd93-a394f87746a0.1
true,equal/far,Chinese,8146-390e8c1f-f8e2-4a34-bd93-a394f87746a0.10
true,further/split,Chinese,8146-390e8c1f-f8e2-4a34-bd93-a394f87746a0.11
true,equal/far,Chinese,8146-390e8c1f-f8e2-4a34-bd93-a394f87746a0.12
true,further/split,Chinese,8146-390e8c1f-f8e2-4a34-bd93-a394f87746a0.13
true,closer/close,Chinese,8146-390e8c1f-f8e2-4a34-bd93-a394f87746a0.14
true,further/split,Chinese,8146-390e8c1f-f8e2-4a34-bd93-a394f87746a0.15
true,further/split,Chinese,8146-390e8c1f-f8e2-4a34-bd93-a394f87746a0.16
true,further/split,Chinese,8146-390e8c1f-f8e2-4a34-bd93-a394f87746a0.17
false,further/split,Chinese,8146-390e8c1f-f8e2-4a34-bd93-a394f87746a0.18
true,further/split,Chinese,8146-390e8c1f-f8e2-4a34-bd93-a394f87746a0.19
true,equal/far,Chinese,8146-390e8c1f-f8e2-4a34-bd93-a394f87746a0.2
true,equal/far,Chinese,8146-390e8c1f-f8e2-4a34-bd93-a394f87746a0.20
false,further/split,Chinese,8146-390e8c1f-f8e2-4a34-bd93-a394f87746a0.21
true,equal/far,Chinese,8146-390e8c1f-f8e2-4a34-bd93-a394f87746a0.22
true,equal/far,Chinese,8146-390e8c1f-f8e2-4a34-bd93-a394f87746a0.23
true,equal/far,Chinese,8146-390e8c1f-f8e2-4a34-bd93-a394f87746a0.24
true,equal/far,Chinese,8146-390e8c1f-f8e2-4a34-bd93-a394f87746a0.25
true,closer/close,Chinese,8146-390e8c1f-f8e2-4a34-bd93-a394f87746a0.26
true,equal/far,Chinese,8146-390e8c1f-f8e2-4a34-bd93-a394f87746a0.27
true,closer/close,Chinese,8146-390e8c1f-f8e2-4a34-bd93-a394f87746a0.28
true,equal/far,Chinese,8146-390e8c1f-f8e2-4a34-bd93-a394f87746a0.29
true,closer/close,Chinese,8146-390e8c1f-f8e2-4a34-bd93-a394f87746a0.3
true,equal/far,Chinese,8146-390e8c1f-f8e2-4a34-bd93-a394f87746a0.30
true,equal/far,Chinese,8146-390e8c1f-f8e2-4a34-bd93-a394f87746a0.31
false,closer/close,Chinese,8146-390e8c1f-f8e2-4a34-bd93-a394f87746a0.32
true,further/split,Chinese,8146-390e8c1f-f8e2-4a34-bd93-a394f87746a0.33
true,closer/close,Chinese,8146-390e8c1f-f8e2-4a34-bd93-a394f87746a0.34
true,further/split,Chinese,8146-390e8c1f-f8e2-4a34-bd93-a394f87746a0.35
false,closer/close,Chinese,8146-390e8c1f-f8e2-4a34-bd93-a394f87746a0.36
true,closer/close,Chinese,8146-390e8c1f-f8e2-4a34-bd93-a394f87746a0.37
true,equal/far,Chinese,8146-390e8c1f-f8e2-4a34-bd93-a394f87746a0.38
true,further/split,Chinese,8146-390e8c1f-f8e2-4a34-bd93-a394f87746a0.39
true,closer/close,Chinese,8146-390e8c1f-f8e2-4a34-bd93-a394f87746a0.4
true,further/split,Chinese,8146-390e8c1f-f8e2-4a34-bd93-a394f87746a0.40
true,equal/far,Chinese,8146-390e8c1f-f8e2-4a34-bd93-a394f87746a0.41
false,further/split,Chinese,8146-390e8c1f-f8e2-4a34-bd93-a394f87746a0.42
true,further/split,Chinese,8146-390e8c1f-f8e2-4a34-bd93-a394f87746a0.43
false,closer/close,Chinese,8146-390e8c1f-f8e2-4a34-bd93-a394f87746a0.44
true,further/split,Chinese,8146-390e8c1f-f8e2-4a34-bd93-a394f87746a0.45
true,further/split,Chinese,8146-390e8c1f-f8e2-4a34-bd93-a394f87746a0.46
true,equal/far,Chinese,8146-390e8c1f-f8e2-4a34-bd93-a394f87746a0.47
false,closer/close,Chinese,8146-390e8c1f-f8e2-4a34-bd93-a394f87746a0.48
true,equal/far,Chinese,8146-390e8c1f-f8e2-4a34-bd93-a394f87746a0.49
true,closer/close,Chinese,8146-390e8c1f-f8e2-4a34-bd93-a394f87746a0.5
true,further/split,Chinese,8146-390e8c1f-f8e2-4a34-bd93-a394f87746a0.50
true,closer/close,Chinese,8146-390e8c1f-f8e2-4a34-bd93-a394f87746a0.6
true,closer/close,Chinese,8146-390e8c1f-f8e2-4a34-bd93-a394f87746a0.7
true,equal/far,Chinese,8146-390e8c1f-f8e2-4a34-bd93-a394f87746a0.8
true,closer/close,Chinese,8146-390e8c1f-f8e2-4a34-bd93-a394f87746a0.9
true,equal/far,Chinese,8382-8892e79f-22e4-4ea6-8d2a-cffdf0a65624.1
true,further/split,Chinese,8382-8892e79f-22e4-4ea6-8d2a-cffdf0a65624.10
true,equal/far,Chinese,8382-8892e79f-22e4-4ea6-8d2a-cffdf0a65624.11
true,equal/far,Chinese,8382-8892e79f-22e4-4ea6-8d2a-cffdf0a65624.12
true,further/split,Chinese,8382-8892e79f-22e4-4ea6-8d2a-cffdf0a65624.13
true,closer/close,Chinese,8382-8892e79f-22e4-4ea6-8d2a-cffdf0a65624.14
true,equal/far,Chinese,8382-8892e79f-22e4-4ea6-8d2a-cffdf0a65624.15
true,further/split,Chinese,8382-8892e79f-22e4-4ea6-8d2a-cffdf0a65624.16
true,further/split,Chinese,8382-8892e79f-22e4-4ea6-8d2a-cffdf0a65624.17
true,closer/close,Chinese,8382-8892e79f-22e4-4ea6-8d2a-cffdf0a65624.18
true,further/split,Chinese,8382-8892e79f-22e4-4ea6-8d2a-cffdf0a65624.19
true,equal/far,Chinese,8382-8892e79f-22e4-4ea6-8d2a-cffdf0a65624.2
true,closer/close,Chinese,8382-8892e79f-22e4-4ea6-8d2a-cffdf0a65624.20
true,equal/far,Chinese,8382-8892e79f-22e4-4ea6-8d2a-cffdf0a65624.21
true,further/split,Chinese,8382-8892e79f-22e4-4ea6-8d2a-cffdf0a65624.22
true,closer/close,Chinese,8382-8892e79f-22e4-4ea6-8d2a-cffdf0a65624.23
true,equal/far,Chinese,8382-8892e79f-22e4-4ea6-8d2a-cffdf0a65624.24
true,further/split,Chinese,8382-8892e79f-22e4-4ea6-8d2a-cffdf0a65624.25
true,equal/far,Chinese,8382-8892e79f-22e4-4ea6-8d2a-cffdf0a65624.26
true,closer/close,Chinese,8382-8892e79f-22e4-4ea6-8d2a-cffdf0a65624.27
true,closer/close,Chinese,8382-8892e79f-22e4-4ea6-8d2a-cffdf0a65624.28
true,closer/close,Chinese,8382-8892e79f-22e4-4ea6-8d2a-cffdf0a65624.29
true,equal/far,Chinese,8382-8892e79f-22e4-4ea6-8d2a-cffdf0a65624.3
true,further/split,Chinese,8382-8892e79f-22e4-4ea6-8d2a-cffdf0a65624.30
true,further/split,Chinese,8382-8892e79f-22e4-4ea6-8d2a-cffdf0a65624.31
true,further/split,Chinese,8382-8892e79f-22e4-4ea6-8d2a-cffdf0a65624.32
true,equal/far,Chinese,8382-8892e79f-22e4-4ea6-8d2a-cffdf0a65624.33
true,closer/close,Chinese,8382-8892e79f-22e4-4ea6-8d2a-cffdf0a65624.34
false,further/split,Chinese,8382-8892e79f-22e4-4ea6-8d2a-cffdf0a65624.35
true,closer/close,Chinese,8382-8892e79f-22e4-4ea6-8d2a-cffdf0a65624.36
true,further/split,Chinese,8382-8892e79f-22e4-4ea6-8d2a-cffdf0a65624.37
true,equal/far,Chinese,8382-8892e79f-22e4-4ea6-8d2a-cffdf0a65624.38
true,closer/close,Chinese,8382-8892e79f-22e4-4ea6-8d2a-cffdf0a65624.39
true,equal/far,Chinese,8382-8892e79f-22e4-4ea6-8d2a-cffdf0a65624.4
true,further/split,Chinese,8382-8892e79f-22e4-4ea6-8d2a-cffdf0a65624.40
true,equal/far,Chinese,8382-8892e79f-22e4-4ea6-8d2a-cffdf0a65624.41
true,further/split,Chinese,8382-8892e79f-22e4-4ea6-8d2a-cffdf0a65624.42
true,further/split,Chinese,8382-8892e79f-22e4-4ea6-8d2a-cffdf0a65624.43
true,equal/far,Chinese,8382-8892e79f-22e4-4ea6-8d2a-cffdf0a65624.44
true,closer/close,Chinese,8382-8892e79f-22e4-4ea6-8d2a-cffdf0a65624.45
true,closer/close,Chinese,8382-8892e79f-22e4-4ea6-8d2a-cffdf0a65624.46
true,closer/close,Chinese,8382-8892e79f-22e4-4ea6-8d2a-cffdf0a65624.47
true,equal/far,Chinese,8382-8892e79f-22e4-4ea6-8d2a-cffdf0a65624.48
true,further/split,Chinese,8382-8892e79f-22e4-4ea6-8d2a-cffdf0a65624.49
true,closer/close,Chinese,8382-8892e79f-22e4-4ea6-8d2a-cffdf0a65624.5
true,closer/close,Chinese,8382-8892e79f-22e4-4ea6-8d2a-cffdf0a65624.50
true,equal/far,Chinese,8382-8892e79f-22e4-4ea6-8d2a-cffdf0a65624.6
true,closer/close,Chinese,8382-8892e79f-22e4-4ea6-8d2a-cffdf0a65624.7
true,equal/far,Chinese,8382-8892e79f-22e4-4ea6-8d2a-cffdf0a65624.8
true,further/split,Chinese,8382-8892e79f-22e4-4ea6-8d2a-cffdf0a65624.9
false,closer/close,Chinese,8976-a41db654-9387-4361-aff5-ff68d9291ae9.1
false,closer/close,Chinese,8976-a41db654-9387-4361-aff5-ff68d9291ae9.10
false,further/split,Chinese,8976-a41db654-9387-4361-aff5-ff68d9291ae9.11
true,equal/far,Chinese,8976-a41db654-9387-4361-aff5-ff68d9291ae9.12
false,closer/close,Chinese,8976-a41db654-9387-4361-aff5-ff68d9291ae9.13
false,closer/close,Chinese,8976-a41db654-9387-4361-aff5-ff68d9291ae9.14
false,closer/close,Chinese,8976-a41db654-9387-4361-aff5-ff68d9291ae9.15
false,further/split,Chinese,8976-a41db654-9387-4361-aff5-ff68d9291ae9.16
false,further/split,Chinese,8976-a41db654-9387-4361-aff5-ff68d9291ae9.17
false,closer/close,Chinese,8976-a41db654-9387-4361-aff5-ff68d9291ae9.18
true,closer/close,Chinese,8976-a41db654-9387-4361-aff5-ff68d9291ae9.19
true,equal/far,Chinese,8976-a41db654-9387-4361-aff5-ff68d9291ae9.2
false,further/split,Chinese,8976-a41db654-9387-4361-aff5-ff68d9291ae9.20
false,closer/close,Chinese,8976-a41db654-9387-4361-aff5-ff68d9291ae9.21
false,closer/close,Chinese,8976-a41db654-9387-4361-aff5-ff68d9291ae9.22
false,further/split,Chinese,8976-a41db654-9387-4361-aff5-ff68d9291ae9.23
false,equal/far,Chinese,8976-a41db654-9387-4361-aff5-ff68d9291ae9.24
true,equal/far,Chinese,8976-a41db654-9387-4361-aff5-ff68d9291ae9.25
false,equal/far,Chinese,8976-a41db654-9387-4361-aff5-ff68d9291ae9.26
false,closer/close,Chinese,8976-a41db654-9387-4361-aff5-ff68d9291ae9.3
true,equal/far,Chinese,8976-a41db654-9387-4361-aff5-ff68d9291ae9.4
false,closer/close,Chinese,8976-a41db654-9387-4361-aff5-ff68d9291ae9.5
false,further/split,Chinese,8976-a41db654-9387-4361-aff5-ff68d9291ae9.6
false,further/split,Chinese,8976-a41db654-9387-4361-aff5-ff68d9291ae9.7
false,equal/far,Chinese,8976-a41db654-9387-4361-aff5-ff68d9291ae9.8
true,equal/far,Chinese,8976-a41db654-9387-4361-aff5-ff68d9291ae9.9
true,closer/close,Chinese,9068-8040e841-54a3-451f-ac7c-ca6f427f4be9.1
true,further/split,Chinese,9068-8040e841-54a3-451f-ac7c-ca6f427f4be9.10
true,equal/far,Chinese,9068-8040e841-54a3-451f-ac7c-ca6f427f4be9.11
true,equal/far,Chinese,9068-8040e841-54a3-451f-ac7c-ca6f427f4be9.12
true,further/split,Chinese,9068-8040e841-54a3-451f-ac7c-ca6f427f4be9.13
true,closer/close,Chinese,9068-8040e841-54a3-451f-ac7c-ca6f427f4be9.14
true,further/split,Chinese,9068-8040e841-54a3-451f-ac7c-ca6f427f4be9.15
true,closer/close,Chinese,9068-8040e841-54a3-451f-ac7c-ca6f427f4be9.16
true,further/split,Chinese,9068-8040e841-54a3-451f-ac7c-ca6f427f4be9.17
true,closer/close,Chinese,9068-8040e841-54a3-451f-ac7c-ca6f427f4be9.18
true,equal/far,Chinese,9068-8040e841-54a3-451f-ac7c-ca6f427f4be9.19
true,equal/far,Chinese,9068-8040e841-54a3-451f-ac7c-ca6f427f4be9.2
true,closer/close,Chinese,9068-8040e841-54a3-451f-ac7c-ca6f427f4be9.20
true,further/split,Chinese,9068-8040e841-54a3-451f-ac7c-ca6f427f4be9.21
false,further/split,Chinese,9068-8040e841-54a3-451f-ac7c-ca6f427f4be9.22
true,further/split,Chinese,9068-8040e841-54a3-451f-ac7c-ca6f427f4be9.23
false,closer/close,Chinese,9068-8040e841-54a3-451f-ac7c-ca6f427f4be9.24
false,equal/far,Chinese,9068-8040e841-54a3-451f-ac7c-ca6f427f4be9.25
true,closer/close,Chinese,9068-8040e841-54a3-451f-ac7c-ca6f427f4be9.26
false,further/split,Chinese,9068-8040e841-54a3-451f-ac7c-ca6f427f4be9.27
true,closer/close,Chinese,9068-8040e841-54a3-451f-ac7c-ca6f427f4be9.28
true,closer/close,Chinese,9068-8040e841-54a3-451f-ac7c-ca6f427f4be9.29
true,closer/close,Chinese,9068-8040e841-54a3-451f-ac7c-ca6f427f4be9.3
true,equal/far,Chinese,9068-8040e841-54a3-451f-ac7c-ca6f427f4be9.30
true,equal/far,Chinese,9068-8040e841-54a3-451f-ac7c-ca6f427f4be9.31
true,equal/far,Chinese,9068-8040e841-54a3-451f-ac7c-ca6f427f4be9.32
true,equal/far,Chinese,9068-8040e841-54a3-451f-ac7c-ca6f427f4be9.33
true,further/split,Chinese,9068-8040e841-54a3-451f-ac7c-ca6f427f4be9.34
true,equal/far,Chinese,9068-8040e841-54a3-451f-ac7c-ca6f427f4be9.35
true,closer/close,Chinese,9068-8040e841-54a3-451f-ac7c-ca6f427f4be9.36
true,closer/close,Chinese,9068-8040e841-54a3-451f-ac7c-ca6f427f4be9.37
true,equal/far,Chinese,9068-8040e841-54a3-451f-ac7c-ca6f427f4be9.38
true,closer/close,Chinese,9068-8040e841-54a3-451f-ac7c-ca6f427f4be9.39
true,further/split,Chinese,9068-8040e841-54a3-451f-ac7c-ca6f427f4be9.4
true,closer/close,Chinese,9068-8040e841-54a3-451f-ac7c-ca6f427f4be9.40
true,equal/far,Chinese,9068-8040e841-54a3-451f-ac7c-ca6f427f4be9.41
true,further/split,Chinese,9068-8040e841-54a3-451f-ac7c-ca6f427f4be9.42
true,equal/far,Chinese,9068-8040e841-54a3-451f-ac7c-ca6f427f4be9.43
true,further/split,Chinese,9068-8040e841-54a3-451f-ac7c-ca6f427f4be9.44
true,closer/close,Chinese,9068-8040e841-54a3-451f-ac7c-ca6f427f4be9.45
true,further/split,Chinese,9068-8040e841-54a3-451f-ac7c-ca6f427f4be9.46
true,closer/close,Chinese,9068-8040e841-54a3-451f-ac7c-ca6f427f4be9.47
false,equal/far,Chinese,9068-8040e841-54a3-451f-ac7c-ca6f427f4be9.48
true,equal/far,Chinese,9068-8040e841-54a3-451f-ac7c-ca6f427f4be9.49
true,further/split,Chinese,9068-8040e841-54a3-451f-ac7c-ca6f427f4be9.5
true,further/split,Chinese,9068-8040e841-54a3-451f-ac7c-ca6f427f4be9.50
false,equal/far,Chinese,9068-8040e841-54a3-451f-ac7c-ca6f427f4be9.6
true,further/split,Chinese,9068-8040e841-54a3-451f-ac7c-ca6f427f4be9.7
true,closer/close,Chinese,9068-8040e841-54a3-451f-ac7c-ca6f427f4be9.8
true,further/split,Chinese,9068-8040e841-54a3-451f-ac7c-ca6f427f4be9.9
true,closer/close,Chinese,9288-3ab08619-cc57-4f49-8e10-7bcc5f5ed5b4.1
true,further/split,Chinese,9288-3ab08619-cc57-4f49-8e10-7bcc5f5ed5b4.10
true,further/split,Chinese,9288-3ab08619-cc57-4f49-8e10-7bcc5f5ed5b4.11
true,further/split,Chinese,9288-3ab08619-cc57-4f49-8e10-7bcc5f5ed5b4.12
true,equal/far,Chinese,9288-3ab08619-cc57-4f49-8e10-7bcc5f5ed5b4.13
true,closer/close,Chinese,9288-3ab08619-cc57-4f49-8e10-7bcc5f5ed5b4.14
false,further/split,Chinese,9288-3ab08619-cc57-4f49-8e10-7bcc5f5ed5b4.15
true,further/split,Chinese,9288-3ab08619-cc57-4f49-8e10-7bcc5f5ed5b4.16
true,equal/far,Chinese,9288-3ab08619-cc57-4f49-8e10-7bcc5f5ed5b4.17
true,equal/far,Chinese,9288-3ab08619-cc57-4f49-8e10-7bcc5f5ed5b4.18
true,further/split,Chinese,9288-3ab08619-cc57-4f49-8e10-7bcc5f5ed5b4.19
true,further/split,Chinese,9288-3ab08619-cc57-4f49-8e10-7bcc5f5ed5b4.2
true,closer/close,Chinese,9288-3ab08619-cc57-4f49-8e10-7bcc5f5ed5b4.20
true,closer/close,Chinese,9288-3ab08619-cc57-4f49-8e10-7bcc5f5ed5b4.21
true,equal/far,Chinese,9288-3ab08619-cc57-4f49-8e10-7bcc5f5ed5b4.22
true,further/split,Chinese,9288-3ab08619-cc57-4f49-8e10-7bcc5f5ed5b4.23
true,closer/close,Chinese,9288-3ab08619-cc57-4f49-8e10-7bcc5f5ed5b4.24
true,closer/close,Chinese,9288-3ab08619-cc57-4f49-8e10-7bcc5f5ed5b4.25
true,closer/close,Chinese,9288-3ab08619-cc57-4f49-8e10-7bcc5f5ed5b4.26
true,equal/far,Chinese,9288-3ab08619-cc57-4f49-8e10-7bcc5f5ed5b4.27
true,further/split,Chinese,9288-3ab08619-cc57-4f49-8e10-7bcc5f5ed5b4.28
true,further/split,Chinese,9288-3ab08619-cc57-4f49-8e10-7bcc5f5ed5b4.29
true,closer/close,Chinese,9288-3ab08619-cc57-4f49-8e10-7bcc5f5ed5b4.3
true,further/split,Chinese,9288-3ab08619-cc57-4f49-8e10-7bcc5f5ed5b4.30
false,closer/close,Chinese,9288-3ab08619-cc57-4f49-8e10-7bcc5f5ed5b4.31
true,further/split,Chinese,9288-3ab08619-cc57-4f49-8e10-7bcc5f5ed5b4.32
true,further/split,Chinese,9288-3ab08619-cc57-4f49-8e10-7bcc5f5ed5b4.33
true,equal/far,Chinese,9288-3ab08619-cc57-4f49-8e10-7bcc5f5ed5b4.34
true,further/split,Chinese,9288-3ab08619-cc57-4f49-8e10-7bcc5f5ed5b4.35
true,closer/close,Chinese,9288-3ab08619-cc57-4f49-8e10-7bcc5f5ed5b4.36
true,equal/far,Chinese,9288-3ab08619-cc57-4f49-8e10-7bcc5f5ed5b4.37
true,closer/close,Chinese,9288-3ab08619-cc57-4f49-8e10-7bcc5f5ed5b4.38
true,equal/far,Chinese,9288-3ab08619-cc57-4f49-8e10-7bcc5f5ed5b4.39
true,closer/close,Chinese,9288-3ab08619-cc57-4f49-8e10-7bcc5f5ed5b4.4
true,equal/far,Chinese,9288-3ab08619-cc57-4f49-8e10-7bcc5f5ed5b4.40
true,further/split,Chinese,9288-3ab08619-cc57-4f49-8e10-7bcc5f5ed5b4.41
true,equal/far,Chinese,9288-3ab08619-cc57-4f49-8e10-7bcc5f5ed5b4.42
true,closer/close,Chinese,9288-3ab08619-cc57-4f49-8e10-7bcc5f5ed5b4.43
true,equal/far,Chinese,9288-3ab08619-cc57-4f49-8e10-7bcc5f5ed5b4.44
true,closer/close,Chinese,9288-3ab08619-cc57-4f49-8e10-7bcc5f5ed5b4.45
true,closer/close,Chinese,9288-3ab08619-cc57-4f49-8e10-7bcc5f5ed5b4.46
true,equal/far,Chinese,9288-3ab08619-cc57-4f49-8e10-7bcc5f5ed5b4.47
true,equal/far,Chinese,9288-3ab08619-cc57-4f49-8e10-7bcc5f5ed5b4.48
true,closer/close,Chinese,9288-3ab08619-cc57-4f49-8e10-7bcc5f5ed5b4.49
true,equal/far,Chinese,9288-3ab08619-cc57-4f49-8e10-7bcc5f5ed5b4.5
true,equal/far,Chinese,9288-3ab08619-cc57-4f49-8e10-7bcc5f5ed5b4.50
true,further/split,Chinese,9288-3ab08619-cc57-4f49-8e10-7bcc5f5ed5b4.6
true,equal/far,Chinese,9288-3ab08619-cc57-4f49-8e10-7bcc5f5ed5b4.7
true,closer/close,Chinese,9288-3ab08619-cc57-4f49-8e10-7bcc5f5ed5b4.8
true,further/split,Chinese,9288-3ab08619-cc57-4f49-8e10-7bcc5f5ed5b4.9
false,further/split,Chinese,9485-a972797e-4d32-4a76-94ca-5ed073e2226f.1
true,further/split,Chinese,9485-a972797e-4d32-4a76-94ca-5ed073e2226f.10
true,further/split,Chinese,9485-a972797e-4d32-4a76-94ca-5ed073e2226f.11
true,further/split,Chinese,9485-a972797e-4d32-4a76-94ca-5ed073e2226f.12
true,further/split,Chinese,9485-a972797e-4d32-4a76-94ca-5ed073e2226f.13
true,closer/close,Chinese,9485-a972797e-4d32-4a76-94ca-5ed073e2226f.14
false,closer/close,Chinese,9485-a972797e-4d32-4a76-94ca-5ed073e2226f.15
true,equal/far,Chinese,9485-a972797e-4d32-4a76-94ca-5ed073e2226f.16
false,further/split,Chinese,9485-a972797e-4d32-4a76-94ca-5ed073e2226f.17
true,equal/far,Chinese,9485-a972797e-4d32-4a76-94ca-5ed073e2226f.18
true,further/split,Chinese,9485-a972797e-4d32-4a76-94ca-5ed073e2226f.19
true,closer/close,Chinese,9485-a972797e-4d32-4a76-94ca-5ed073e2226f.2
true,equal/far,Chinese,9485-a972797e-4d32-4a76-94ca-5ed073e2226f.20
true,equal/far,Chinese,9485-a972797e-4d32-4a76-94ca-5ed073e2226f.21
true,equal/far,Chinese,9485-a972797e-4d32-4a76-94ca-5ed073e2226f.22
true,closer/close,Chinese,9485-a972797e-4d32-4a76-94ca-5ed073e2226f.23
true,closer/close,Chinese,9485-a972797e-4d32-4a76-94ca-5ed073e2226f.24
true,equal/far,Chinese,9485-a972797e-4d32-4a76-94ca-5ed073e2226f.25
false,closer/close,Chinese,9485-a972797e-4d32-4a76-94ca-5ed073e2226f.26
true,equal/far,Chinese,9485-a972797e-4d32-4a76-94ca-5ed073e2226f.27
true,further/split,Chinese,9485-a972797e-4d32-4a76-94ca-5ed073e2226f.28
true,further/split,Chinese,9485-a972797e-4d32-4a76-94ca-5ed073e2226f.29
true,further/split,Chinese,9485-a972797e-4d32-4a76-94ca-5ed073e2226f.3
true,equal/far,Chinese,9485-a972797e-4d32-4a76-94ca-5ed073e2226f.30
true,further/split,Chinese,9485-a972797e-4d32-4a76-94ca-5ed073e2226f.31
true,further/split,Chinese,9485-a972797e-4d32-4a76-94ca-5ed073e2226f.32
true,further/split,Chinese,9485-a972797e-4d32-4a76-94ca-5ed073e2226f.33
false,closer/close,Chinese,9485-a972797e-4d32-4a76-94ca-5ed073e2226f.34
true,equal/far,Chinese,9485-a972797e-4d32-4a76-94ca-5ed073e2226f.35
false,closer/close,Chinese,9485-a972797e-4d32-4a76-94ca-5ed073e2226f.36
true,equal/far,Chinese,9485-a972797e-4d32-4a76-94ca-5ed073e2226f.37
true,further/split,Chinese,9485-a972797e-4d32-4a76-94ca-5ed073e2226f.38
false,closer/close,Chinese,9485-a972797e-4d32-4a76-94ca-5ed073e2226f.39
true,closer/close,Chinese,9485-a972797e-4d32-4a76-94ca-5ed073e2226f.4
true,equal/far,Chinese,9485-a972797e-4d32-4a76-94ca-5ed073e2226f.40
true,further/split,Chinese,9485-a972797e-4d32-4a76-94ca-5ed073e2226f.41
true,closer/close,Chinese,9485-a972797e-4d32-4a76-94ca-5ed073e2226f.42
true,equal/far,Chinese,9485-a972797e-4d32-4a76-94ca-5ed073e2226f.43
true,equal/far,Chinese,9485-a972797e-4d32-4a76-94ca-5ed073e2226f.44
true,equal/far,Chinese,9485-a972797e-4d32-4a76-94ca-5ed073e2226f.45
true,closer/close,Chinese,9485-a972797e-4d32-4a76-94ca-5ed073e2226f.46
true,further/split,Chinese,9485-a972797e-4d32-4a76-94ca-5ed073e2226f.47
false,closer/close,Chinese,9485-a972797e-4d32-4a76-94ca-5ed073e2226f.48
true,closer/close,Chinese,9485-a972797e-4d32-4a76-94ca-5ed073e2226f.49
false,closer/close,Chinese,9485-a972797e-4d32-4a76-94ca-5ed073e2226f.5
false,closer/close,Chinese,9485-a972797e-4d32-4a76-94ca-5ed073e2226f.50
true,equal/far,Chinese,9485-a972797e-4d32-4a76-94ca-5ed073e2226f.6
true,further/split,Chinese,9485-a972797e-4d32-4a76-94ca-5ed073e2226f.7
true,equal/far,Chinese,9485-a972797e-4d32-4a76-94ca-5ed073e2226f.8
true,closer/close,Chinese,9485-a972797e-4d32-4a76-94ca-5ed073e2226f.9
