gameid,time,roundNum,sender,contents
2780-1,1459886486214,1,speaker,purple
2780-1,1459886520593,2,speaker,green
2780-1,1459886542191,3,speaker,i have lighter of a bright green . too ~ like <unk> one ~ seems it that opposite are <unk> ~ more like <unk> ) ~ nice is teal and others as a green sky
2780-1,1459886605541,4,speaker,lime green
2780-1,1459886627307,5,speaker,gray
2780-1,1459886660813,6,speaker,darker blue green
2780-1,1459886689406,7,speaker,darker red
2780-1,1459886733504,8,speaker,lesser purple
2780-1,1459886754045,9,speaker,pea green
2780-1,1459886845113,10,speaker,"grey ( one , not brown"
2780-1,1459886862413,11,speaker,grayish gray
2780-1,1459886876023,12,speaker,closest to blue ~ faded
2780-1,1459886889788,13,speaker,the lighter blue
2780-1,1459886919218,14,speaker,grey
2780-1,1459886952855,15,speaker,"red / darkest , one"
2780-1,1459886987653,16,speaker,pink
2780-1,1459887002726,17,speaker,dark blue tone
2780-1,1459887018320,18,speaker,greenish darker
2780-1,1459887046440,19,speaker,greyest pink
2780-1,1459887064836,20,speaker,yellow
2780-1,1459887123637,21,speaker,purple or blue
2780-1,1459887132181,22,speaker,pink
2780-1,1459887143854,23,speaker,my <unk> <unk> green . ~ ~ yes
2780-1,1459887158097,24,speaker,pink
2780-1,1459887184025,25,speaker,pink
2780-1,1459887194599,26,speaker,yes ~ reen ~ more <unk> ~ lol ~ ~ i job call it ~ it's the <unk> blue-ish green in one ~ yep ~ yes ~ ~ ~ ~ ~ yellowish and last ?
2780-1,1459887208235,27,speaker,orangish gray
2780-1,1459887219113,28,speaker,<unk> green
2780-1,1459887241095,29,speaker,the target is closer doo hint a bright pink
2780-1,1459887249948,30,speaker,"green , not two and other one"
2780-1,1459887267137,31,speaker,purple shade
2780-1,1459887279797,32,speaker,purple
2780-1,1459887289255,33,speaker,grey ; not all <unk> i here <unk> silver
2780-1,1459887296830,34,speaker,green
2780-1,1459887306421,35,speaker,pea yellow
2780-1,1459887316850,36,speaker,dull yellow
2780-1,1459887326550,37,speaker,blue / green
2780-1,1459887349748,38,speaker,blue
2780-1,1459887359398,39,speaker,lesser gray
2780-1,1459887368033,40,speaker,blue
2780-1,1459887379186,41,speaker,dark purple
2780-1,1459887396394,42,speaker,yellowish tone
2780-1,1459887409982,43,speaker,cloest to gray
2780-1,1459887440725,44,speaker,the target is correct ~ ~
2780-1,1459887477940,45,speaker,purple
2780-1,1459887494454,46,speaker,closest to purple silver
2780-1,1459887513393,47,speaker,mint green
2780-1,1459887527782,48,speaker,bright green
2780-1,1459887573322,49,speaker,bright blue
2780-1,1459887596545,50,speaker,dark again of not the dark one / a bright one ~ most again ~ ~ it's the last doo of purple ~ purp
8088-6,1459886572281,1,speaker,brightest purple
8088-6,1459886587185,2,speaker,purple
8088-6,1459886604576,3,speaker,grey one
8088-6,1459886620942,4,speaker,<unk> i looks bluish blue
8088-6,1459886642169,5,speaker,purple ish looking one ~ the has ugly one
8088-6,1459886663000,6,speaker,old
8088-6,1459886693581,7,speaker,the target is gray or <unk>
8088-6,1459886713394,8,speaker,brighter pink
8088-6,1459886730776,9,speaker,lesser blue
8088-6,1459886744966,10,speaker,"blue , not the target"
8088-6,1459886761797,11,speaker,red
8088-6,1459886771708,12,speaker,teal
8088-6,1459886789589,13,speaker,just gray gray
8088-6,1459886799831,14,speaker,"green , not the vibrant leaning green"
8088-6,1459886815723,15,speaker,darker brown
8088-6,1459886828186,16,speaker,grey
8088-6,1459886847293,17,speaker,purple
8088-6,1459886886630,18,speaker,green color
8088-6,1459886919422,19,speaker,blue
8088-6,1459887079554,20,speaker,"the target that's more green-grey left , good . are mustard . ~ ~ ~ . ~ we think ~ no ~ ~ ~ ~ ~ ~"
8088-6,1459887102913,21,speaker,teal
8088-6,1459887120724,22,speaker,yellow
8088-6,1459887132514,23,speaker,green that forest green
8088-6,1459887150924,24,speaker,the target that greener
8088-6,1459887165557,25,speaker,purple
8088-6,1459887177710,26,speaker,brightest color / magenta ~ like <unk> you to and it . ~ ~ ~ ~ ~ ~ ~ ~ ~ ~ ~ blue . .
8088-6,1459887191480,27,speaker,darkest box
8088-6,1459887207768,28,speaker,bright color of the bright green - maybe
8088-6,1459887220999,29,speaker,dusty brown
8088-6,1459887235583,30,speaker,bright blue
8088-6,1459887252983,31,speaker,<unk> blue
8088-6,1459887265133,32,speaker,purple
8088-6,1459887273483,33,speaker,darkest less me ~ for
8088-6,1459887282009,34,speaker,blue ( faded
8088-6,1459887295161,35,speaker,"most color of grey color . ~ ~ ~ ~ ~ ~ ~ ~ ~ ~ ~ ~ ~ ~ ~ no ~ this one , more gray ."
8088-6,1459887304652,36,speaker,pink
8088-6,1459887315775,37,speaker,gray
8088-6,1459887326258,38,speaker,close
8088-6,1459887336633,39,speaker,brown
8088-6,1459887352504,40,speaker,grey brown
8088-6,1459887359901,41,speaker,gold
8088-6,1459887365260,42,speaker,red between red
8088-6,1459887373310,43,speaker,purple
8088-6,1459887382730,44,speaker,orange
8088-6,1459887398577,45,speaker,red
8088-6,1459887411516,46,speaker,green
8088-6,1459887420739,47,speaker,dark blue
8088-6,1459887447264,48,speaker,dark blue
8088-6,1459887455497,49,speaker,purple
8088-6,1459887463852,50,speaker,the target is the not <unk> ~ brighter
5248-d,1459887721692,1,speaker,cooler green .
5248-d,1459887731771,2,speaker,gray
5248-d,1459887739428,3,speaker,light blue
5248-d,1459887748228,4,speaker,<unk> yellow
5248-d,1459887759459,5,speaker,the target is the other <unk> tone ~ i is brightest one ~ yes
5248-d,1459887773093,6,speaker,turquoise
5248-d,1459887784560,7,speaker,blue undertones
5248-d,1459887796968,8,speaker,orange
5248-d,1459887807414,9,speaker,darker green
5248-d,1459887820212,10,speaker,the bright purple
5248-d,1459887829873,11,speaker,tan purple
5248-d,1459887838648,12,speaker,pink
5248-d,1459887847925,13,speaker,bright teal
5248-d,1459887865055,14,speaker,closest is the yellower one ~ yes one . ~ darker
5248-d,1459887879212,15,speaker,purple
5248-d,1459887891752,16,speaker,light
5248-d,1459887908441,17,speaker,red
5248-d,1459887920104,18,speaker,the purple
5248-d,1459887927515,19,speaker,purple
5248-d,1459887935011,20,speaker,green
5248-d,1459887974300,21,speaker,bluish grey
5248-d,1459887986250,22,speaker,yellow green
5248-d,1459887995863,23,speaker,green
5248-d,1459888010024,24,speaker,the bright green
5248-d,1459888021741,25,speaker,blue
5248-d,1459888033901,26,speaker,pink
5248-d,1459888046241,27,speaker,closest to green
5248-d,1459888053114,28,speaker,"redish brown , more lesser pink , not pink ~ yes"
5248-d,1459888067838,29,speaker,bright blue
5248-d,1459888081362,30,speaker,dark orange
5248-d,1459888094116,31,speaker,"mauve , the between the three or green"
5248-d,1459888109652,32,speaker,slightly brown ~ grey .
5248-d,1459888118027,33,speaker,the tealish that it is <unk> are of the lighter green one . ~ ~ . ~
5248-d,1459888133312,34,speaker,green
5248-d,1459888147142,35,speaker,army purple
5248-d,1459888161373,36,speaker,"hummm grey one , the bright one"
5248-d,1459888177242,37,speaker,closest to tan
5248-d,1459888189184,38,speaker,faded ~ darker color
5248-d,1459888210264,39,speaker,"brown , not purplish very red"
5248-d,1459888223004,40,speaker,yellowish gray
5248-d,1459888249149,41,speaker,slightly neon green
5248-d,1459888271890,42,speaker,purp
5248-d,1459888278727,43,speaker,lighter blue
5248-d,1459888287234,44,speaker,purple
5248-d,1459888306547,45,speaker,muted
5248-d,1459888321875,46,speaker,"red , not the pumpkin with very it neutral"
5248-d,1459888342018,47,speaker,neon purple
5248-d,1459888369074,48,speaker,dull ( yellow
5248-d,1459888387865,49,speaker,gray
5248-d,1459888399290,50,speaker,green ~ ~ ~ darker
4647-2,1459886645298,1,speaker,plum
4647-2,1459886661621,2,speaker,light
4647-2,1459886682268,3,speaker,lightest box ~ other
4647-2,1459886738522,4,speaker,blue
4647-2,1459886780782,5,speaker,dull green ~ not bright yellowish reen
4647-2,1459886818250,6,speaker,the more bright one
4647-2,1459886831224,7,speaker,the target is the lighter gray . grey
4647-2,1459886870101,8,speaker,dull barney light brown
4647-2,1459886936867,9,speaker,<unk>
4647-2,1459886960299,10,speaker,dark purple
4647-2,1459886970537,11,speaker,blue
4647-2,1459886992892,12,speaker,"you both ) again , not the three"
4647-2,1459887013291,13,speaker,yellow
4647-2,1459887034432,14,speaker,bright purple
4647-2,1459887059403,15,speaker,purple
4647-2,1459887073037,16,speaker,<unk> purple
4647-2,1459887084209,17,speaker,slightly most olive green
4647-2,1459887108687,18,speaker,brighter green
4647-2,1459887119478,19,speaker,green
4647-2,1459887139112,20,speaker,grey
4647-2,1459887150703,21,speaker,gray
4647-2,1459887160578,22,speaker,blue
4647-2,1459887167935,23,speaker,orange
4647-2,1459887197030,24,speaker,"blue color of the more <unk> the ugly one ones ~ <unk> ~ really <unk> ~ ~ more more grass green , kind of teal kind of the blue-ish green ?"
4647-2,1459887204887,25,speaker,blue
4647-2,1459887240150,26,speaker,brite purple
4647-2,1459887279931,27,speaker,green / green
4647-2,1459887290219,28,speaker,bright color
4647-2,1459887340243,29,speaker,light gray ~ yellow
4647-2,1459887383623,30,speaker,olive green
4647-2,1459887418572,31,speaker,grey
4647-2,1459887436143,32,speaker,greener
4647-2,1459887497142,33,speaker,bright
4647-2,1459887540764,34,speaker,dim purple
4647-2,1459887558780,35,speaker,light green
4647-2,1459887584723,36,speaker,red
4647-2,1459887603035,37,speaker,dark green
4647-2,1459887611048,38,speaker,purple
4647-2,1459887627037,39,speaker,green .
4647-2,1459887670778,40,speaker,bluish grey
4647-2,1459887682225,41,speaker,light
4647-2,1459887701720,42,speaker,"grey color , more <unk> , ; one ."
4647-2,1459887721852,43,speaker,the target is red silver . ~ sky
4647-2,1459887739039,44,speaker,"the color , not the yellow"
4647-2,1459887750791,45,speaker,the purple
4647-2,1459887779429,46,speaker,hot green
4647-2,1459887808157,47,speaker,not closer to tan ish grey
4647-2,1459887816274,48,speaker,i same really the darker box ~ yes
4647-2,1459887874131,49,speaker,ok
4647-2,1459887972631,50,speaker,gray
5800-8,1459886642108,1,speaker,bright purple
5800-8,1459886682644,2,speaker,dark blue gray
5800-8,1459886756270,3,speaker,the lighter blue yellow
5800-8,1459886794036,4,speaker,sorry ~ sea . <unk> ~ bluest grey one
5800-8,1459886817280,5,speaker,the purple leaning <unk> tone
5800-8,1459886858840,6,speaker,gray
5800-8,1459886886421,7,speaker,olive blue
5800-8,1459886924101,8,speaker,darker green
5800-8,1459886954574,9,speaker,the target as a two girl colored grey
5800-8,1459886968121,10,speaker,correct ~ you <unk> like <unk> same <unk> to purple again
5800-8,1459886988026,11,speaker,dark green
5800-8,1459887002432,12,speaker,yellowish green
5800-8,1459887019415,13,speaker,orange
5800-8,1459887065151,14,speaker,grass
5800-8,1459887141691,15,speaker,light or light pink
5800-8,1459887183762,16,speaker,light green
5800-8,1459887214200,17,speaker,dark green ~ darker
5800-8,1459887233241,18,speaker,lighter brown
5800-8,1459887257802,19,speaker,dull green
5800-8,1459887270376,20,speaker,bright green . the other one
5800-8,1459887290183,21,speaker,no purple
5800-8,1459887321143,22,speaker,not pink ~ grape
5800-8,1459887347137,23,speaker,lol . i have a muted of bright green / green and more yellow
5800-8,1459887377725,24,speaker,blue shade
5800-8,1459887401766,25,speaker,object
5800-8,1459887424771,26,speaker,closest to grapes
5800-8,1459887453556,27,speaker,grey
5800-8,1459887490713,28,speaker,dark blue
5800-8,1459887503221,29,speaker,camo
5800-8,1459887516412,30,speaker,neon yellow
5800-8,1459887533853,31,speaker,blue
5800-8,1459887551959,32,speaker,color
5800-8,1459887562021,33,speaker,yellow
5800-8,1459887581316,34,speaker,dull vibrant
5800-8,1459887621907,35,speaker,gold with more orange . but the a <unk> with more orange
5800-8,1459887639393,36,speaker,greenish
5800-8,1459887649797,37,speaker,"closest to green , not the similar shade of <unk> green . ~ ~ grayish"
5800-8,1459887665033,38,speaker,green ~ greenish
5800-8,1459887687148,39,speaker,olive green
5800-8,1459887712567,40,speaker,green ?
5800-8,1459887723487,41,speaker,reddish purp
5800-8,1459887739924,42,speaker,light purple
5800-8,1459887785477,43,speaker,teal
5800-8,1459887812857,44,speaker,darker not the color is teal . ~ ~ blue
5800-8,1459887835965,45,speaker,"the purplish brown kind , brown"
5800-8,1459887858753,46,speaker,"the light gray , not i'd job are purple"
5800-8,1459887872214,47,speaker,um sec
5800-8,1459887886528,48,speaker,yellow
5800-8,1459887898092,49,speaker,green .
5800-8,1459887914442,50,speaker,pink not the neon / green
9666-b,1459888786875,1,speaker,gray .
9666-b,1459888805145,2,speaker,the green on the yellow one
9666-b,1459888818397,3,speaker,closest to green one . ~ blue
9666-b,1459888831176,4,speaker,closest to one . the <unk> you ~ ugly <unk> ~ ~ ~ ~ ~ ~ ~ ~ ~ ~ ~ ~ ~ ~ ~ ~ ~ ~ ~ ~ ~ ~ ~ ~ ~ ~ ~ ~ ~
9666-b,1459888844039,5,speaker,army green
9666-b,1459888861038,6,speaker,purple
9666-b,1459888890004,7,speaker,purple
9666-b,1459888902569,8,speaker,pale lot one that too ~ purple
9666-b,1459888912566,9,speaker,bright blue ~ old
9666-b,1459888931620,10,speaker,orange
9666-b,1459888948157,11,speaker,gray
9666-b,1459888964112,12,speaker,green
9666-b,1459888980391,13,speaker,<unk> green ish <unk> greenish ~ like <unk> a <unk> greens ~ lol square ~ it's <unk>
9666-b,1459888995004,14,speaker,yes
9666-b,1459889020104,15,speaker,dull red
9666-b,1459889033612,16,speaker,brighter purple / plum purp ~ ~ of the more purple ( time tone my can <unk> at i up . seems <unk>
9666-b,1459889041697,17,speaker,orange
9666-b,1459889049700,18,speaker,"duller purple , dark purple ~ ~ ~ this one )"
9666-b,1459889088370,19,speaker,most green
9666-b,1459889106913,20,speaker,green
9666-b,1459889116827,21,speaker,grapes
9666-b,1459889145834,22,speaker,neon mustard
9666-b,1459889154603,23,speaker,the target is gray
9666-b,1459889180681,24,speaker,green
9666-b,1459889191656,25,speaker,dark gray
9666-b,1459889206428,26,speaker,grey
9666-b,1459889224234,27,speaker,green
9666-b,1459889241195,28,speaker,"light blue , bright grey"
9666-b,1459889255484,29,speaker,orange
9666-b,1459889265238,30,speaker,me blue
9666-b,1459889273703,31,speaker,purple
9666-b,1459889287320,32,speaker,teal
9666-b,1459889297503,33,speaker,red one
9666-b,1459889320180,34,speaker,grey
9666-b,1459889337645,35,speaker,grayish blue
9666-b,1459889347351,36,speaker,grey
9666-b,1459889359021,37,speaker,pink
9666-b,1459889367439,38,speaker,most gray
9666-b,1459889379170,39,speaker,very pink
9666-b,1459889391127,40,speaker,pink
9666-b,1459889403147,41,speaker,greenish blue
9666-b,1459889418250,42,speaker,greenish green
9666-b,1459889434785,43,speaker,brightest green
9666-b,1459889443588,44,speaker,pink
9666-b,1459889464510,45,speaker,brown
9666-b,1459889478992,46,speaker,blue
9666-b,1459889492425,47,speaker,green
9666-b,1459889504356,48,speaker,purple
9666-b,1459889519670,49,speaker,<unk> greens ~ yes
9666-b,1459889529790,50,speaker,yellow
6888-9,1459888868068,1,speaker,light blue
6888-9,1459888906675,2,speaker,blue
6888-9,1459888921302,3,speaker,have pea green ~ right
6888-9,1459888932721,4,speaker,yellow
6888-9,1459888946227,5,speaker,faded grey or blue . not the target i think tis . ~ ugly and the dullest one .
6888-9,1459889028117,6,speaker,purple
6888-9,1459889049530,7,speaker,closest to green color
6888-9,1459889061640,8,speaker,bright yellow
6888-9,1459889078231,9,speaker,blue
6888-9,1459889096970,10,speaker,purplish
6888-9,1459889118485,11,speaker,closest to one
6888-9,1459889133829,12,speaker,green
6888-9,1459889156989,13,speaker,yellow green
6888-9,1459889170711,14,speaker,purple
6888-9,1459889180188,15,speaker,blue-ish gray
6888-9,1459889192055,16,speaker,purple
6888-9,1459889219330,17,speaker,sky
6888-9,1459889243592,18,speaker,<unk>
6888-9,1459889258443,19,speaker,grey blue
6888-9,1459889292514,20,speaker,darkest not the plum one grey
6888-9,1459889303718,21,speaker,royal blue
6888-9,1459889328898,22,speaker,<unk> green
6888-9,1459889352260,23,speaker,dark green / yellowish brown
6888-9,1459889377207,24,speaker,teal
6888-9,1459889428267,25,speaker,blue
6888-9,1459889450595,26,speaker,green / blue orange / blue
6888-9,1459889468266,27,speaker,the piggy ~ no silver ~ ~ ~ ~ ~ ~ silver ~ <unk> ~ faded ~ not one
6888-9,1459889480304,28,speaker,the pinks
6888-9,1459889490180,29,speaker,blue color
6888-9,1459889592882,30,speaker,object
6888-9,1459889614555,31,speaker,grape
6888-9,1459889673814,32,speaker,browner gray color
6888-9,1459889709945,33,speaker,green
6888-9,1459889736729,34,speaker,not green that kind of the bright dull color ~ yes . <unk> ! are it but <unk>
6888-9,1459889783332,35,speaker,"darker one , the right tone . but faded"
6888-9,1459889804843,36,speaker,<unk> ~ ~ ~ ~ ~ ~ ~ ~ not sky
6888-9,1459889821694,37,speaker,"gray , not pick plum ~ darker gray silver"
6888-9,1459889837372,38,speaker,so grey
6888-9,1459889861524,39,speaker,sky blue
6888-9,1459889903134,40,speaker,the bright color or blue
6888-9,1459889926317,41,speaker,cooler
6888-9,1459889996262,42,speaker,olive green
6888-9,1459890014798,43,speaker,red pink
6888-9,1459890040512,44,speaker,light the not lavender purple
6888-9,1459890070292,45,speaker,mud color ~ grass
6888-9,1459890124940,46,speaker,bright grass green
6888-9,1459890137270,47,speaker,brown
6888-9,1459890159249,48,speaker,blue
6888-9,1459890183889,49,speaker,purple
6888-9,1459890195790,50,speaker,purple and not ish purple
6442-4,1459888791220,1,speaker,closest looking one is blue
6442-4,1459888850495,2,speaker,dark teal
6442-4,1459888903258,3,speaker,pink
6442-4,1459888926788,4,speaker,dark green
6442-4,1459888943357,5,speaker,the target is nice
6442-4,1459888959077,6,speaker,bright purple
6442-4,1459889043405,7,speaker,pea green
6442-4,1459889099289,8,speaker,dark green
6442-4,1459889146157,9,speaker,blue or blue
6442-4,1459889164520,10,speaker,bright green
6442-4,1459889258657,11,speaker,purple color
6442-4,1459889271090,12,speaker,brown
6442-4,1459889282040,13,speaker,medium purple
6442-4,1459889292698,14,speaker,green
6442-4,1459889324986,15,speaker,the brightest brown
6442-4,1459889351998,16,speaker,ish green
6442-4,1459889367659,17,speaker,darkest green
6442-4,1459889405736,18,speaker,pea green
6442-4,1459889425755,19,speaker,orange . is red orange
6442-4,1459889447862,20,speaker,blue
6442-4,1459889458004,21,speaker,gray
6442-4,1459889468346,22,speaker,blue
6442-4,1459889494496,23,speaker,dark purple is purple ~ the one ~ pinkish closer to pink ( see ones . ~ ~ it's not the super purple
6442-4,1459889499279,24,speaker,slate gray
6442-4,1459889516935,25,speaker,"like blue color , blue-ish blue"
6442-4,1459889531641,26,speaker,blue ( <unk> one
6442-4,1459889539005,27,speaker,closest to <unk> green
6442-4,1459889551515,28,speaker,mud grey piggy
6442-4,1459889564323,29,speaker,orange
6442-4,1459889588293,30,speaker,brownish
6442-4,1459889602512,31,speaker,orange
6442-4,1459889615031,32,speaker,"the darkest grass green , not it and <unk> on neon"
6442-4,1459889631571,33,speaker,yellow
6442-4,1459889668130,34,speaker,olive shade
6442-4,1459889678378,35,speaker,green
6442-4,1459889692623,36,speaker,bluish purple
6442-4,1459889703412,37,speaker,purple ( one ! no ~ opposite or <unk> hehe
6442-4,1459889711454,38,speaker,red
6442-4,1459889718430,39,speaker,"blue , not the target is blue ?"
6442-4,1459889734474,40,speaker,darkest / green
6442-4,1459889764193,41,speaker,light green
6442-4,1459889780998,42,speaker,the target is the <unk> greyish <unk> ~ my <unk> of the similar that ?
6442-4,1459889789740,43,speaker,green
6442-4,1459889797188,44,speaker,the more blue blue
6442-4,1459889806118,45,speaker,dark army yellow
6442-4,1459889817581,46,speaker,brightest blue
6442-4,1459889824623,47,speaker,you to <unk> grayish
6442-4,1459889832657,48,speaker,<unk> blue
6442-4,1459889844784,49,speaker,my blue ~ right ~ no
6442-4,1459889852790,50,speaker,purple color
2400-e,1459886669943,1,speaker,purple
2400-e,1459886684568,2,speaker,blue
2400-e,1459886700191,3,speaker,yellow
2400-e,1459886719040,4,speaker,lightest gray
2400-e,1459886731762,5,speaker,blue
2400-e,1459886738779,6,speaker,closer to tan brown
2400-e,1459886755762,7,speaker,tealish
2400-e,1459886776749,8,speaker,grey
2400-e,1459886785206,9,speaker,yes of not teal
2400-e,1459886796061,10,speaker,purple
2400-e,1459886806424,11,speaker,light blue
2400-e,1459886818530,12,speaker,dark blue
2400-e,1459886831921,13,speaker,dull color one
2400-e,1459886854977,14,speaker,"closest to closest job is dreary , what are brite worries really a <unk>"
2400-e,1459886876797,15,speaker,the most <unk> purple
2400-e,1459886892083,16,speaker,reddish
2400-e,1459886903797,17,speaker,a bright pink
2400-e,1459886911077,18,speaker,orange
2400-e,1459886921103,19,speaker,"green ~ yes ~ yes ~ yes for forest green , the target is <unk> ~ ~"
2400-e,1459886927817,20,speaker,purple
2400-e,1459886936347,21,speaker,sky
2400-e,1459886952329,22,speaker,the target is neon green color
2400-e,1459886963400,23,speaker,olive green
2400-e,1459886971010,24,speaker,orange
2400-e,1459886983130,25,speaker,brown
2400-e,1459887004025,26,speaker,olive brown
2400-e,1459887013326,27,speaker,"weird one , the very one"
2400-e,1459887024105,28,speaker,brightest blue
2400-e,1459887041126,29,speaker,"green / green , not the three that's yellow <unk>"
2400-e,1459887058965,30,speaker,purp
2400-e,1459887070671,31,speaker,green ( other )
2400-e,1459887086276,32,speaker,orange
2400-e,1459887101287,33,speaker,tan
2400-e,1459887139820,34,speaker,closest to what to blue
2400-e,1459887163495,35,speaker,greenish
2400-e,1459887174788,36,speaker,dusty pink
2400-e,1459887184853,37,speaker,grey
2400-e,1459887192801,38,speaker,purple
2400-e,1459887206383,39,speaker,not bright purple
2400-e,1459887218871,40,speaker,muted ~ i <unk> tis to gray
2400-e,1459887233876,41,speaker,the light brown
2400-e,1459887242475,42,speaker,green
2400-e,1459887263017,43,speaker,grass green ~ i to one .
2400-e,1459887277548,44,speaker,blue
2400-e,1459887293521,45,speaker,bright blue
2400-e,1459887330486,46,speaker,grey
2400-e,1459887338970,47,speaker,"closest to the no , is <unk> of <unk>"
2400-e,1459887348543,48,speaker,hi blue
2400-e,1459887376620,49,speaker,pink
2400-e,1459887384672,50,speaker,closest to <unk> ~ light ~ ~ not two are lot of a more red . ~ closer to like other red )
9536-4,1459888811100,1,speaker,dark gray
9536-4,1459888825990,2,speaker,blue . ~ faded ~ ~ ~ ~ ~
9536-4,1459888841337,3,speaker,bluish blue
9536-4,1459888850520,4,speaker,me ~ grayish
9536-4,1459888877253,5,speaker,dark blue
9536-4,1459888894071,6,speaker,darker green
9536-4,1459888903725,7,speaker,plum that is dark purple
9536-4,1459888913354,8,speaker,green
9536-4,1459888925442,9,speaker,not the darkest one
9536-4,1459888939945,10,speaker,a green . like the lighter green . ~ lol is <unk> with good ) .
9536-4,1459888953484,11,speaker,orange
9536-4,1459888964443,12,speaker,<unk> blue
9536-4,1459888978036,13,speaker,"brightest , magenta ~ ~ it's the <unk> ones ."
9536-4,1459888987759,14,speaker,dull green
9536-4,1459889001983,15,speaker,gray
9536-4,1459889013558,16,speaker,grayest
9536-4,1459889026797,17,speaker,grass green
9536-4,1459889041106,18,speaker,purple
9536-4,1459889063204,19,speaker,pea green
9536-4,1459889072892,20,speaker,green
9536-4,1459889081344,21,speaker,middle orange
9536-4,1459889090637,22,speaker,blue
9536-4,1459889099700,23,speaker,blue
9536-4,1459889107188,24,speaker,dark purple
9536-4,1459889116887,25,speaker,the object that looks light
9536-4,1459889127062,26,speaker,light brown
9536-4,1459889136235,27,speaker,purple
9536-4,1459889145557,28,speaker,green
9536-4,1459889159216,29,speaker,blue
9536-4,1459889166459,30,speaker,darkest color
9536-4,1459889176834,31,speaker,purple
9536-4,1459889190432,32,speaker,light brown
9536-4,1459889207499,33,speaker,darker pink
9536-4,1459889228175,34,speaker,the target is darkest blue
9536-4,1459889241230,35,speaker,blue ~ ~ grey
9536-4,1459889250951,36,speaker,yes
9536-4,1459889261852,37,speaker,purple
9536-4,1459889270504,38,speaker,brightest pink
9536-4,1459889284476,39,speaker,the blue is blue
9536-4,1459889293657,40,speaker,"darker green , not the same greens with middle ~ sorry ; and doing at undertones or more purple ."
9536-4,1459889306055,41,speaker,light blue blue
9536-4,1459889318623,42,speaker,darker purple
9536-4,1459889330580,43,speaker,gray
9536-4,1459889347353,44,speaker,purple
9536-4,1459889358442,45,speaker,brightest purple
9536-4,1459889368311,46,speaker,magenta
9536-4,1459889379194,47,speaker,"teal / green , bright"
9536-4,1459889392638,48,speaker,dim gray
9536-4,1459889400994,49,speaker,light pink
9536-4,1459889417471,50,speaker,purple
7614-6,1459889015897,1,speaker,lightest green <unk> neutral
7614-6,1459889057578,2,speaker,green purp
7614-6,1459889079965,3,speaker,yellow
7614-6,1459889097098,4,speaker,purple
7614-6,1459889128696,5,speaker,grey one
7614-6,1459889152181,6,speaker,green ?
7614-6,1459889180050,7,speaker,darker blue
7614-6,1459889208508,8,speaker,the most blue blue
7614-6,1459889231616,9,speaker,green
7614-6,1459889264044,10,speaker,brown ~ ugly one
7614-6,1459889296017,11,speaker,green that is a <unk> green we not green or the keep reen one ~ middle a <unk> . no ~ the <unk> one seems you same left lol so wron ~ more greenish grey
7614-6,1459889357721,12,speaker,most dull purple
7614-6,1459889376848,13,speaker,two wron ~ ~ ~ <unk>
7614-6,1459889397255,14,speaker,pinkish purple / purple
7614-6,1459889413707,15,speaker,brownish green
7614-6,1459889464706,16,speaker,blue
7614-6,1459889481941,17,speaker,grapes
7614-6,1459889496164,18,speaker,bright green
7614-6,1459889512118,19,speaker,yellow
7614-6,1459889537699,20,speaker,orange
7614-6,1459889553889,21,speaker,um sec
7614-6,1459889571169,22,speaker,yellow old
7614-6,1459889590424,23,speaker,light purple
7614-6,1459889607245,24,speaker,blue-green
7614-6,1459889619734,25,speaker,darker blue
7614-6,1459889646627,26,speaker,grape
7614-6,1459889664692,27,speaker,"purple , darker magenta ~ yes , not the <unk> one job about a right one . ~ darker one ~ lol ~ this close ~ brighter"
7614-6,1459889684414,28,speaker,blue / pick lightest silver ~ ~ ~ ~ ~ this
7614-6,1459889704430,29,speaker,purple
7614-6,1459889721327,30,speaker,gray
7614-6,1459889751225,31,speaker,dull pink
7614-6,1459889768908,32,speaker,brighter very red with more orange .
7614-6,1459889800330,33,speaker,color ~
7614-6,1459889812365,34,speaker,brightest pink
7614-6,1459889840773,35,speaker,turquise
7614-6,1459889863240,36,speaker,the target is the purple as one dark in one .
7614-6,1459889883755,37,speaker,orange
7614-6,1459889903356,38,speaker,grey
7614-6,1459889926041,39,speaker,bright purple
7614-6,1459889940537,40,speaker,brown of not brownish
7614-6,1459889965917,41,speaker,yellow
7614-6,1459889982004,42,speaker,orange
7614-6,1459890007233,43,speaker,grayest
7614-6,1459890025551,44,speaker,bright yellow
7614-6,1459890036588,45,speaker,less pink
7614-6,1459890051525,46,speaker,bright blue / darker blue
7614-6,1459890071026,47,speaker,brightness / grey
7614-6,1459890084931,48,speaker,yellow
7614-6,1459890112889,49,speaker,icky yellow that in <unk> ~ ~ ~ ~ ~ ~ ~ ~ ~ ~ ~ ~ ~ ~ ~ ~ ~ ~
7614-6,1459890131281,50,speaker,closest to tan
4178-b,1459889062511,1,speaker,orange
4178-b,1459889129021,2,speaker,grey
4178-b,1459889271972,3,speaker,pink
4178-b,1459889282613,4,speaker,brown <unk>
4178-b,1459889340742,5,speaker,purple
4178-b,1459889353797,6,speaker,blue <unk>
4178-b,1459889362908,7,speaker,blue
4178-b,1459889373288,8,speaker,purple
4178-b,1459889396722,9,speaker,brightest green
4178-b,1459889409691,10,speaker,blue
4178-b,1459889450159,11,speaker,dark purple
4178-b,1459889472133,12,speaker,purple
4178-b,1459889484040,13,speaker,bright purple
4178-b,1459889495096,14,speaker,the darkest of bright blue one
4178-b,1459889513253,15,speaker,closest . the other greens color
4178-b,1459889533491,16,speaker,pea green ~ ~ ~ ~ ~ ~ ~ ~ ~ ~ ~ ~ ~ ~ ~ ~ ~ ~ ~ ~ ~ ~ ~ ~ ~ ~ ~ ~ ~ ~ ~ ugly
4178-b,1459889607135,17,speaker,purple
4178-b,1459889618283,18,speaker,purple ~ blue
4178-b,1459889629203,19,speaker,red
4178-b,1459889697154,20,speaker,skies
4178-b,1459889717800,21,speaker,"pea green , no ~ i <unk> ~ i was <unk> a middle as to dark green ~ the lighter of middle ) like yeah ~ it's square is not the lighter green"
4178-b,1459889765880,22,speaker,dark green
4178-b,1459889790424,23,speaker,"not the target is the more one , not teal . not the dull one about a <unk> !"
4178-b,1459889805707,24,speaker,the target is the middle shade of <unk>
4178-b,1459889819426,25,speaker,blue
4178-b,1459889846866,26,speaker,grey-green
4178-b,1459889888085,27,speaker,not not olive <unk> . ~ this one or the two grey
4178-b,1459889969327,28,speaker,blue
4178-b,1459890014684,29,speaker,middle yellow or yellow
4178-b,1459890059269,30,speaker,brown
4178-b,1459890087590,31,speaker,the darkest pink
4178-b,1459890123798,32,speaker,neon yellow
4178-b,1459890138147,33,speaker,lighter red
4178-b,1459890146241,34,speaker,teal
4178-b,1459890182792,35,speaker,closest to blue blue
4178-b,1459890226655,36,speaker,closest day
4178-b,1459890251749,37,speaker,neon yellow
4178-b,1459890282341,38,speaker,dark purple leaning
4178-b,1459890296764,39,speaker,grey
4178-b,1459890361874,40,speaker,purple
4178-b,1459890436911,41,speaker,light no not the <unk> <unk> .
4178-b,1459890508700,42,speaker,"purple , like it a more the darkest piggy ~ ~ ~ ."
4178-b,1459890556316,43,speaker,blue
4178-b,1459890567714,44,speaker,blue
4178-b,1459890585746,45,speaker,grey
4178-b,1459890614223,46,speaker,mauve gray
4178-b,1459890666442,47,speaker,purple
4178-b,1459890703080,48,speaker,light green
4178-b,1459890711893,49,speaker,brighter pink
4178-b,1459890788661,50,speaker,mud / gray
2267-6,1459889410544,1,speaker,darker purple ; not the right and you're think i'd see as look the three
2267-6,1459889427019,2,speaker,grey i other sky
2267-6,1459889449536,3,speaker,two ~ <unk> <unk> both you ~ ~ ~ ~ ~ ~ ~ ~ ~ ~ ~ ~ ~ ~ ~ ~ ~ ~ can <unk> dark <unk> nice ~ ~ i <unk> it . ~ <unk> ~ i can <unk> .
2267-6,1459889466958,4,speaker,<unk> this day
2267-6,1459889481934,5,speaker,<unk> grey
2267-6,1459889493836,6,speaker,bright green
2267-6,1459889511450,7,speaker,forest green / green
2267-6,1459889523112,8,speaker,the sky green
2267-6,1459889555203,9,speaker,not the greenest ~ doo are <unk> see . is the same shade of it is not green not the <unk> reen
2267-6,1459889564551,10,speaker,yep
2267-6,1459889576681,11,speaker,the target is neon green
2267-6,1459889585138,12,speaker,orange
2267-6,1459889592486,13,speaker,the most one
2267-6,1459889603843,14,speaker,the target is a easter green - not the bright green and i really green ~ sorry too ~ it's it at ~ ~ ~ green
2267-6,1459889611463,15,speaker,dark purple / light blue
2267-6,1459889620576,16,speaker,brown
2267-6,1459889632007,17,speaker,light teal
2267-6,1459889659484,18,speaker,the object is the <unk> that is the mauve not one ~ closest ~ sorry
2267-6,1459889670498,19,speaker,gray but not ones . ~ faded ~
2267-6,1459889677744,20,speaker,teal
2267-6,1459889684682,21,speaker,grey
2267-6,1459889713305,22,speaker,blue
2267-6,1459889722172,23,speaker,green
2267-6,1459889727814,24,speaker,red
2267-6,1459889742205,25,speaker,blue-green
2267-6,1459889761700,26,speaker,blue ~ <unk> ~ the dark <unk>
2267-6,1459889774802,27,speaker,the target is a bright green
2267-6,1459889805303,28,speaker,blue
2267-6,1459889817065,29,speaker,greyest grass
2267-6,1459889825976,30,speaker,weird violet
2267-6,1459889833996,31,speaker,brown
2267-6,1459889848517,32,speaker,<unk> ?
2267-6,1459889862134,33,speaker,hello ~ ~ ~ ~ old ~ ~ ~ ~ ~ ~ ~
2267-6,1459889871620,34,speaker,teal
2267-6,1459889886108,35,speaker,teal
2267-6,1459889902606,36,speaker,brite green
2267-6,1459889913263,37,speaker,the three
2267-6,1459889924944,38,speaker,orange
2267-6,1459889932670,39,speaker,)
2267-6,1459889948175,40,speaker,brightest purple
2267-6,1459890025489,41,speaker,dark turquoise
2267-6,1459890035586,42,speaker,the medium green or bright one
2267-6,1459890046692,43,speaker,the brightest pink
2267-6,1459890057015,44,speaker,the the bright blue green
2267-6,1459890085338,45,speaker,orange
2267-6,1459890093980,46,speaker,green
2267-6,1459890105961,47,speaker,brightest
2267-6,1459890118772,48,speaker,bright purple / purple / purple
2267-6,1459890126708,49,speaker,most purple
2267-6,1459890134885,50,speaker,army green
6431-a,1459889432024,1,speaker,blue
6431-a,1459889470528,2,speaker,purple / purple
6431-a,1459889493353,3,speaker,purple
6431-a,1459889517456,4,speaker,pinkish or purple
6431-a,1459889543557,5,speaker,no purple
6431-a,1459889570078,6,speaker,blue
6431-a,1459889609420,7,speaker,the bright blue is <unk>
6431-a,1459889625244,8,speaker,yellowish orange . ok
6431-a,1459889636853,9,speaker,dark green
6431-a,1459889654575,10,speaker,tan
6431-a,1459889688116,11,speaker,tan ok . not one with <unk> ~ grey
6431-a,1459889717265,12,speaker,olive ( not grey
6431-a,1459889737966,13,speaker,neon dull green
6431-a,1459889767469,14,speaker,"the target is more pink one , the <unk> in it love seems <unk> job it at i think for it the brightest one though i <unk> ~ same ~ and other forest sec silver"
6431-a,1459889787254,15,speaker,orange
6431-a,1459889820436,16,speaker,blue
6431-a,1459889847396,17,speaker,the green forest green
6431-a,1459889881065,18,speaker,purple
6431-a,1459889888686,19,speaker,red
6431-a,1459889912735,20,speaker,teal
6431-a,1459889917806,21,speaker,reen / green
6431-a,1459889926044,22,speaker,orange
6431-a,1459889982758,23,speaker,orange
6431-a,1459889999055,24,speaker,pink
6431-a,1459890011516,25,speaker,the icky green
6431-a,1459890020370,26,speaker,nice are <unk> <unk> <unk> too ~ ~ ~ ~ ~ ~ ~ ~ ~ ~ ~
6431-a,1459890027646,27,speaker,the target is bright gray
6431-a,1459890042735,28,speaker,blue
6431-a,1459890055496,29,speaker,grey
6431-a,1459890067584,30,speaker,yellow
6431-a,1459890078596,31,speaker,grey ?
6431-a,1459890096586,32,speaker,red gray
6431-a,1459890104519,33,speaker,grey
6431-a,1459890117097,34,speaker,the target is olive
6431-a,1459890142011,35,speaker,"darkest green , not a <unk> ( a a olive green . so more green or greenish / gray one"
6431-a,1459890165443,36,speaker,the <unk> <unk>
6431-a,1459890186956,37,speaker,"bright blue - not what <unk> ~ of fruit , not the red of not the target really it silver"
6431-a,1459890198558,38,speaker,think green
6431-a,1459890223670,39,speaker,grey or teal
6431-a,1459890268390,40,speaker,two violet
6431-a,1459890287102,41,speaker,green
6431-a,1459890295128,42,speaker,"pink , fruit"
6431-a,1459890302881,43,speaker,dark blue
6431-a,1459890309346,44,speaker,pink
6431-a,1459890317700,45,speaker,browner gray
6431-a,1459890326532,46,speaker,green box . i think foam one .
6431-a,1459890333994,47,speaker,ugly gray
6431-a,1459890341789,48,speaker,<unk> ~
6431-a,1459890358795,49,speaker,orange
6431-a,1459890362286,50,speaker,the ugly green of the camo )
3792-7,1459889560255,1,speaker,magenta purple
3792-7,1459889604048,2,speaker,teal
3792-7,1459889640415,3,speaker,olive blue
3792-7,1459889664318,4,speaker,yellow box
3792-7,1459889677471,5,speaker,bright pink / brown
3792-7,1459889690349,6,speaker,purple
3792-7,1459889722704,7,speaker,mauve
3792-7,1459889737757,8,speaker,"bright miss piggy ~ good to , it"
3792-7,1459889752767,9,speaker,the miss purple
3792-7,1459889768491,10,speaker,neon purp
3792-7,1459889778095,11,speaker,"look <unk> , not the bright purple"
3792-7,1459889787788,12,speaker,bright green
3792-7,1459889825218,13,speaker,piggy ~
3792-7,1459889844012,14,speaker,ones ; not the green-grey one . hi ~ it
3792-7,1459889913482,15,speaker,purple
3792-7,1459889954527,16,speaker,pink
3792-7,1459889986030,17,speaker,sky blue
3792-7,1459889993901,18,speaker,bright blue
3792-7,1459890007712,19,speaker,blue ~ blue
3792-7,1459890047711,20,speaker,"neon shade , not the right one"
3792-7,1459890057286,21,speaker,"it's pink as at this one , like <unk> faded i think me any in one on the muted of sorry magenta is purple one , you purple . ~ ~ ~ ~ ~ ~ ~ ~"
3792-7,1459890080293,22,speaker,yellow green brite kind of a light orange
3792-7,1459890093727,23,speaker,the purple up
3792-7,1459890110177,24,speaker,"girl color shade ~ so you <unk> ~ ~ ~ ~ faded not the the dreary one ones , more darker purple / purple is <unk>"
3792-7,1459890127614,25,speaker,blue grey
3792-7,1459890152078,26,speaker,closest to purple
3792-7,1459890164591,27,speaker,brightest purple
3792-7,1459890178589,28,speaker,neon pink
3792-7,1459890271919,29,speaker,the target is me ~ ~ ~ ~ ~ ~
3792-7,1459890324913,30,speaker,neon between yellow
3792-7,1459890378259,31,speaker,the purple that like a mud one
3792-7,1459890430864,32,speaker,grey gray
3792-7,1459890447121,33,speaker,reddish
3792-7,1459890488917,34,speaker,purple
3792-7,1459890513776,35,speaker,pink
3792-7,1459890532084,36,speaker,light violet
3792-7,1459890551936,37,speaker,green
3792-7,1459890568541,38,speaker,blue-green
3792-7,1459890590050,39,speaker,the target shade shade of blue
3792-7,1459890602688,40,speaker,gray
3792-7,1459890614543,41,speaker,pink
3792-7,1459890634222,42,speaker,dark pink
3792-7,1459890656208,43,speaker,gold
3792-7,1459890672848,44,speaker,"pale but not the right one - not the bright <unk> for me dark and it . ~ ~ ~ ~ ~ ~ worries ! ~ ~ ~ it's a hot pink ~ not hot pink , <unk> at ~ ~ blue"
3792-7,1459890687838,45,speaker,purple
3792-7,1459890702704,46,speaker,olive one
3792-7,1459890714088,47,speaker,"sorry . ~ dark teal , not the deep tone ~"
3792-7,1459890722143,48,speaker,purple
3792-7,1459890738765,49,speaker,green
3792-7,1459890752817,50,speaker,neon grass one
4042-9,1459889662040,1,speaker,gray sky
4042-9,1459889677839,2,speaker,lime
4042-9,1459889689220,3,speaker,lighter green
4042-9,1459889699184,4,speaker,dark blue
4042-9,1459889709047,5,speaker,green
4042-9,1459889718003,6,speaker,grayest
4042-9,1459889726090,7,speaker,the piggy
4042-9,1459889764073,8,speaker,blue without green
4042-9,1459889791780,9,speaker,: color
4042-9,1459889820896,10,speaker,bright <unk> ~ bright
4042-9,1459889836535,11,speaker,muted gray
4042-9,1459889846479,12,speaker,blue
4042-9,1459889855694,13,speaker,green
4042-9,1459889867210,14,speaker,bluest green
4042-9,1459889897497,15,speaker,the target two with bright ?
4042-9,1459889910556,16,speaker,dark green
4042-9,1459889969565,17,speaker,olive green
4042-9,1459890007806,18,speaker,"green , me ~ faded ~ i are <unk> <unk> ~ the <unk> maybe tis ~ grayish of the olive shade / not the greenish green ~ <unk> ! ~ ~ this and greenish tis ~ same here ! ~ yes ~ bluis <unk> with tis is the pastel ( far is be or greenish pea green"
4042-9,1459890012921,19,speaker,blue
4042-9,1459890029412,20,speaker,"bright purple , but neon one ~ to"
4042-9,1459890040338,21,speaker,the cloest that three
4042-9,1459890050921,22,speaker,green / green / color of teal / yellow / green
4042-9,1459890065090,23,speaker,dark purple one
4042-9,1459890074764,24,speaker,brightest blue
4042-9,1459890097580,25,speaker,light <unk> green
4042-9,1459890110709,26,speaker,purple / purple
4042-9,1459890121027,27,speaker,green
4042-9,1459890146780,28,speaker,lighest purple
4042-9,1459890167636,29,speaker,the muted ash pink
4042-9,1459890185162,30,speaker,forest green
4042-9,1459890199847,31,speaker,the brightest yellow
4042-9,1459890209205,32,speaker,bright pink ~ ~ not all and up ) both me ~ faded
4042-9,1459890218801,33,speaker,reddish
4042-9,1459890228376,34,speaker,gray
4042-9,1459890244059,35,speaker,darkest green
4042-9,1459890256425,36,speaker,letters . purple
4042-9,1459890285799,37,speaker,grey
4042-9,1459890309873,38,speaker,lime green
4042-9,1459890368262,39,speaker,darkest purple
4042-9,1459890380492,40,speaker,red
4042-9,1459890392633,41,speaker,orange
4042-9,1459890402484,42,speaker,tan
4042-9,1459890413682,43,speaker,green
4042-9,1459890422702,44,speaker,red
4042-9,1459890435320,45,speaker,sorry tone with lighter blue ?
4042-9,1459890444359,46,speaker,blue
4042-9,1459890467127,47,speaker,<unk> green
4042-9,1459890479065,48,speaker,"lime green , <unk>"
4042-9,1459890486930,49,speaker,the greenish gray
4042-9,1459890498853,50,speaker,grey : reen
9817-a,1459889996165,1,speaker,lite green
9817-a,1459890021700,2,speaker,<unk> <unk>
9817-a,1459890045159,3,speaker,grey color
9817-a,1459890061959,4,speaker,bright green
9817-a,1459890107036,5,speaker,blue
9817-a,1459890122622,6,speaker,pink
9817-a,1459890148754,7,speaker,turquise
9817-a,1459890168580,8,speaker,"<unk> purple , not more purple box ~ grey with purple briter one ~ purple love more green"
9817-a,1459890179397,9,speaker,<unk> grey
9817-a,1459890190197,10,speaker,closest to cooler green
9817-a,1459890200887,11,speaker,here ~ closest to dark green
9817-a,1459890219259,12,speaker,grey
9817-a,1459890228298,13,speaker,purple
9817-a,1459890236796,14,speaker,bright pink
9817-a,1459890244477,15,speaker,purple
9817-a,1459890261904,16,speaker,dull one
9817-a,1459890272400,17,speaker,light blue
9817-a,1459890283891,18,speaker,gray color
9817-a,1459890297075,19,speaker,most brownish
9817-a,1459890309076,20,speaker,purple purple
9817-a,1459890324871,21,speaker,green
9817-a,1459890345192,22,speaker,green
9817-a,1459890372940,23,speaker,yellow-green
9817-a,1459890383648,24,speaker,miss color or sky grey
9817-a,1459890396430,25,speaker,bright between pink
9817-a,1459890408097,26,speaker,blue .
9817-a,1459890417442,27,speaker,green on lighter
9817-a,1459890427876,28,speaker,pink
9817-a,1459890435540,29,speaker,blue
9817-a,1459890447509,30,speaker,the target is the the bright wron
9817-a,1459890464135,31,speaker,closest to olive green .
9817-a,1459890479162,32,speaker,purple / purple
9817-a,1459890527006,33,speaker,light shade of blue
9817-a,1459890544608,34,speaker,my super orange
9817-a,1459890558340,35,speaker,sky blue
9817-a,1459890587495,36,speaker,brown
9817-a,1459890598857,37,speaker,closest to orange
9817-a,1459890607369,38,speaker,teal
9817-a,1459890628287,39,speaker,purple
9817-a,1459890645885,40,speaker,light blue
9817-a,1459890659023,41,speaker,my <unk> blue .
9817-a,1459890676323,42,speaker,blue
9817-a,1459890689601,43,speaker,gray
9817-a,1459890720900,44,speaker,mustard
9817-a,1459890737992,45,speaker,yellow green
9817-a,1459890813040,46,speaker,aqua green
9817-a,1459890817057,47,speaker,tan
9817-a,1459890837203,48,speaker,red
9817-a,1459890848920,49,speaker,dark blue
9817-a,1459890859862,50,speaker,red <unk>
4607-5,1459886919982,1,speaker,"<unk> , the two can <unk> <unk> most neon green ~ yellow"
4607-5,1459886931997,2,speaker,tealish . kind of brighter
4607-5,1459886946539,3,speaker,pea green
4607-5,1459886967124,4,speaker,sky
4607-5,1459886977454,5,speaker,blue ~ ~ greenish ~ ~ ~ ~ ~ ~ blue
4607-5,1459887004563,6,speaker,pink
4607-5,1459887028561,7,speaker,darker pink
4607-5,1459887042783,8,speaker,teal
4607-5,1459887050952,9,speaker,darker piggy
4607-5,1459887063684,10,speaker,brightest purple
4607-5,1459887074599,11,speaker,not the green
4607-5,1459887091412,12,speaker,dim dark brown looking . brown
4607-5,1459887103968,13,speaker,dull green
4607-5,1459887127554,14,speaker,blue
4607-5,1459887147706,15,speaker,brightest shade
4607-5,1459887159034,16,speaker,darkish pea green
4607-5,1459887167004,17,speaker,"purple , not the most gray"
4607-5,1459887176081,18,speaker,bright green
4607-5,1459887188428,19,speaker,turquise here not the gray
4607-5,1459887197402,20,speaker,purple
4607-5,1459887208107,21,speaker,purple
4607-5,1459887223713,22,speaker,dark color
4607-5,1459887233919,23,speaker,<unk> blue
4607-5,1459887241301,24,speaker,purple or blue
4607-5,1459887251471,25,speaker,darker / green
4607-5,1459887262348,26,speaker,gray
4607-5,1459887270512,27,speaker,purple
4607-5,1459887278716,28,speaker,i second brightest purple
4607-5,1459887289052,29,speaker,cloest to lavender
4607-5,1459887316135,30,speaker,the target is purple that is the look real gray
4607-5,1459887334643,31,speaker,gray
4607-5,1459887342918,32,speaker,bright ~ bright pink one
4607-5,1459887360370,33,speaker,um
4607-5,1459887374761,34,speaker,green .
4607-5,1459887382583,35,speaker,blue one
4607-5,1459887393537,36,speaker,bright grass / mint ~ is sky or gray
4607-5,1459887404152,37,speaker,the target is red and two one
4607-5,1459887412680,38,speaker,green
4607-5,1459887452578,39,speaker,"grass green yellow in tis ~ it's forest green . the one with real duller green that's the <unk> greyish of the any yellow-green job to yellow , the baby green , the bright blue . ~ <unk> <unk> ?"
4607-5,1459887465027,40,speaker,bright - yellow
4607-5,1459887502215,41,speaker,gray
4607-5,1459887530876,42,speaker,blue
4607-5,1459887603357,43,speaker,brown
4607-5,1459887616188,44,speaker,purple
4607-5,1459887636093,45,speaker,dark purple / magenta .
4607-5,1459887660945,46,speaker,bluest green
4607-5,1459887684894,47,speaker,brightest really olive normal
4607-5,1459887726249,48,speaker,dim blue
4607-5,1459887735410,49,speaker,brown ~ lol ~ ~ ~ ~ ~ ~
4607-5,1459887746337,50,speaker,green
4522-0,1459890035862,1,speaker,lighter blue
4522-0,1459890047768,2,speaker,i greens shade - seems the <unk> ~ ~ ~
4522-0,1459890059593,3,speaker,pink
4522-0,1459890067349,4,speaker,grey
4522-0,1459890078649,5,speaker,purple
4522-0,1459890088675,6,speaker,green
4522-0,1459890104915,7,speaker,closest to tan
4522-0,1459890113156,8,speaker,darkest gray
4522-0,1459890138633,9,speaker,blue neutral
4522-0,1459890170664,10,speaker,darker purple
4522-0,1459890177941,11,speaker,bright muted blue
4522-0,1459890195341,12,speaker,darker green
4522-0,1459890211566,13,speaker,the bright green . ~ ~ ~ ~ ~ ~ ~ ~ ~ ~ ~ ~ ~ ~ ~ there's one ~ ~ ~ ~ ~ it's one that's not a there's me descriptions easter <unk> - one ) . ~ ~
4522-0,1459890220858,14,speaker,orange
4522-0,1459890229804,15,speaker,light color
4522-0,1459890242890,16,speaker,the bright green
4522-0,1459890255210,17,speaker,green
4522-0,1459890262907,18,speaker,copper
4522-0,1459890278567,19,speaker,"dark green , the middle green"
4522-0,1459890289570,20,speaker,blue ( not the more gray gray
4522-0,1459890298097,21,speaker,light brown
4522-0,1459890307860,22,speaker,bluish pink
4522-0,1459890316068,23,speaker,brite gray
4522-0,1459890323844,24,speaker,purple
4522-0,1459890334287,25,speaker,two greens
4522-0,1459890350527,26,speaker,bright green
4522-0,1459890361092,27,speaker,not blue
4522-0,1459890370772,28,speaker,bright pink
4522-0,1459890411230,29,speaker,blue
4522-0,1459890426234,30,speaker,second blue with me ~ ~ ~ the others ) ~ ~
4522-0,1459890437448,31,speaker,"<unk> purple / purple , kind of magenta purple or <unk> ~ blue"
4522-0,1459890468951,32,speaker,olive
4522-0,1459890478401,33,speaker,purple
4522-0,1459890486057,34,speaker,gray
4522-0,1459890492228,35,speaker,turquise
4522-0,1459890508804,36,speaker,most closest to brown in it is <unk> in <unk> you to see .
4522-0,1459890522270,37,speaker,"yellowish <unk> not not the brighter one ~ it , other really the pink in the the it's in that )"
4522-0,1459890530324,38,speaker,darker purple
4522-0,1459890538286,39,speaker,<unk>
4522-0,1459890550812,40,speaker,the bright more darker purple
4522-0,1459890567454,41,speaker,reddish
4522-0,1459890587564,42,speaker,brightest pink
4522-0,1459890595172,43,speaker,baby gray
4522-0,1459890617675,44,speaker,gray
4522-0,1459890629330,45,speaker,bright pink
4522-0,1459890664083,46,speaker,<unk> blue
4522-0,1459890680325,47,speaker,yellowish one
4522-0,1459890697261,48,speaker,tealish
4522-0,1459890710986,49,speaker,yellow
4522-0,1459890718635,50,speaker,dull grey one
7209-c,1459890828760,1,speaker,purple but <unk> purple . ~ purple ~ purple
7209-c,1459890852050,2,speaker,no easter gray
7209-c,1459890878294,3,speaker,<unk> letters more <unk> ~ it's tan . ~ ~ ~ ~ ~ ~ ~ of you super here ~ it )
7209-c,1459890949536,4,speaker,no blue
7209-c,1459891004208,5,speaker,purple
7209-c,1459891029729,6,speaker,"pink , right purp , similar . ~"
7209-c,1459891060905,7,speaker,light blue
7209-c,1459891120676,8,speaker,the lighter tan orange
7209-c,1459891164003,9,speaker,olive ~ yes
7209-c,1459891185588,10,speaker,green
7209-c,1459891233364,11,speaker,purple / bright purple
7209-c,1459891268971,12,speaker,purplish gray
7209-c,1459891314692,13,speaker,not darkest / purple
7209-c,1459891343775,14,speaker,the object is purple .
7209-c,1459891363896,15,speaker,bluish blue
7209-c,1459891386617,16,speaker,neon blue
7209-c,1459891422309,17,speaker,pale green
7209-c,1459891479426,18,speaker,bright green
7209-c,1459891515488,19,speaker,green
7209-c,1459891540517,20,speaker,bright green
7209-c,1459891567581,21,speaker,bright blue
7209-c,1459891595833,22,speaker,"the target is <unk> tone ~ , one that's was between olive or blue grayish"
7209-c,1459891629047,23,speaker,grayest one
7209-c,1459891667271,24,speaker,dark brownish not not the <unk> tone ~ not yellow . no
7209-c,1459891697963,25,speaker,light orange
7209-c,1459891726823,26,speaker,blue
7209-c,1459891767216,27,speaker,army green
7209-c,1459891867571,28,speaker,bright purple
7209-c,1459891886361,29,speaker,brightest blue
7209-c,1459891901476,30,speaker,brightest pink
7209-c,1459891927497,31,speaker,purple / violet
7209-c,1459891965363,32,speaker,um ~ not the two ones
7209-c,1459891992902,33,speaker,light ( blue
7209-c,1459892013869,34,speaker,orange
7209-c,1459892036231,35,speaker,red
7209-c,1459892057501,36,speaker,dark color .
7209-c,1459892085744,37,speaker,most <unk> purple / amethyst
7209-c,1459892111995,38,speaker,pale pink
7209-c,1459892141517,39,speaker,brownish one . faded bluish
7209-c,1459892203800,40,speaker,darkest color
7209-c,1459892227778,41,speaker,green
7209-c,1459892261763,42,speaker,bright pink
7209-c,1459892284600,43,speaker,second target is the pinks
7209-c,1459892316330,44,speaker,middle violet
7209-c,1459892334128,45,speaker,"bright blue in the other that's more blue , not the bright blue on the lighter of blue"
7209-c,1459892379402,46,speaker,yellow
7209-c,1459892464080,48,speaker,"yellow ~ ~ ~ ~ ~ ~ not one , the three"
7209-c,1459892523592,49,speaker,purple with three
7209-c,1459892556919,50,speaker,grey
3071-c,1459890978193,1,speaker,closest to weird magenta i'd <unk> ones ~ ~ ~ faded
3071-c,1459891010451,2,speaker,normal blue
3071-c,1459891042168,3,speaker,green undertones it
3071-c,1459891072774,4,speaker,blue
3071-c,1459891103805,5,speaker,pink
3071-c,1459891141752,6,speaker,"closer to red shade , a <unk> ! is <unk> ~ lol ~ the lighter of the right"
3071-c,1459891199007,7,speaker,the darkest purple at ~ ~ dark you yep
3071-c,1459891242268,8,speaker,the very one
3071-c,1459891279758,9,speaker,maybe / orange or light of the red
3071-c,1459891309465,10,speaker,doo others as on bright green
3071-c,1459891346874,11,speaker,most green
3071-c,1459891391673,12,speaker,purple
3071-c,1459891425458,13,speaker,darkest purple
3071-c,1459891445997,14,speaker,the color shade of the more greenish of <unk>
3071-c,1459891475115,15,speaker,weird red
3071-c,1459891508267,16,speaker,grey
3071-c,1459891543085,17,speaker,bright green
3071-c,1459891575132,18,speaker,light blue green
3071-c,1459891599178,19,speaker,muted pink
3071-c,1459891638915,20,speaker,medium purple
3071-c,1459891681294,21,speaker,light pink
3071-c,1459891712713,22,speaker,purple
3071-c,1459891752708,23,speaker,<unk> really in silver sec
3071-c,1459891779670,24,speaker,blue
3071-c,1459891804229,25,speaker,dark green
3071-c,1459891830057,26,speaker,the <unk> / any teal .
3071-c,1459891852524,27,speaker,<unk> ?
3071-c,1459891890630,28,speaker,red
3071-c,1459891925483,29,speaker,the more two about faded pink
3071-c,1459891946858,30,speaker,purple
3071-c,1459891985342,31,speaker,purple
3071-c,1459892044164,32,speaker,greenish gray
3071-c,1459892076459,33,speaker,bright green
3071-c,1459892100429,34,speaker,grey gray
3071-c,1459892119487,35,speaker,pale purple
3071-c,1459892148676,36,speaker,"not the turquise shade , letter <unk>"
3071-c,1459892180558,37,speaker,pink / light red
3071-c,1459892208547,38,speaker,bright purple
3071-c,1459892223267,39,speaker,dull green
3071-c,1459892238799,40,speaker,dim
3071-c,1459892248709,41,speaker,<unk> <unk>
3071-c,1459892260198,42,speaker,green
3071-c,1459892275485,43,speaker,magenta
3071-c,1459892285044,44,speaker,orange
3071-c,1459892298608,45,speaker,grey
3071-c,1459892307725,46,speaker,duller green
3071-c,1459892330324,47,speaker,blue
3071-c,1459892344699,48,speaker,grey
3071-c,1459892361239,49,speaker,grayish pink
3071-c,1459892372793,50,speaker,i regular one and its <unk> box . ~ this is greenish purple with it . looks super purple
6305-1,1459891217373,1,speaker,magenta
6305-1,1459891226245,2,speaker,"closest to yellowish as <unk> left ~ <unk> ! , not silver"
6305-1,1459891249149,3,speaker,blue
6305-1,1459891259415,4,speaker,blue
6305-1,1459891271298,5,speaker,two other between the a hint of muted green
6305-1,1459891279188,6,speaker,<unk> gray
6305-1,1459891287364,7,speaker,teal
6305-1,1459891294467,8,speaker,two ~ darker <unk> .
6305-1,1459891306882,9,speaker,brown
6305-1,1459891317424,10,speaker,darkish brightest green
6305-1,1459891341243,11,speaker,the target is hot fusia
6305-1,1459891348767,12,speaker,"light orange , not yellowish one"
6305-1,1459891355574,13,speaker,red or orange
6305-1,1459891366929,14,speaker,blue
6305-1,1459891391505,15,speaker,<unk> blue
6305-1,1459891398070,16,speaker,lighter blue
6305-1,1459891409087,17,speaker,lightest purple
6305-1,1459891448722,18,speaker,red silver
6305-1,1459891456773,19,speaker,muted <unk>
6305-1,1459891476859,20,speaker,target .
6305-1,1459891491382,21,speaker,pumpkin
6305-1,1459891504385,22,speaker,blue
6305-1,1459891514380,23,speaker,grey
6305-1,1459891590821,24,speaker,<unk> color - yep ~ ~ ~ ~ <unk>
6305-1,1459891612327,25,speaker,"orange , <unk>"
6305-1,1459891624850,26,speaker,brownish brown ~ darker orange
6305-1,1459891636028,27,speaker,vibrant grey
6305-1,1459891645217,28,speaker,blue
6305-1,1459891703517,29,speaker,correct
6305-1,1459891713788,30,speaker,light pink / bright brown
6305-1,1459891750028,31,speaker,browner purple
6305-1,1459891810104,32,speaker,darker blue
6305-1,1459891818258,33,speaker,green
6305-1,1459891824958,34,speaker,yep ~ in ~ purp
6305-1,1459891832095,35,speaker,dull pink
6305-1,1459891886354,36,speaker,purple
6305-1,1459891903132,37,speaker,brightest orange
6305-1,1459891909928,38,speaker,brown
6305-1,1459891948775,39,speaker,green
6305-1,1459891988118,40,speaker,dark purple
6305-1,1459892039469,41,speaker,the medium color ~ not the super one ~ blue
6305-1,1459892049804,42,speaker,"brown ~ yep ones . ~ more hehe . ~ ~ <unk> , up ) and other one"
6305-1,1459892058965,43,speaker,purple
6305-1,1459892069508,44,speaker,grass green
6305-1,1459892082265,45,speaker,"color , not sky , kind of gray one"
6305-1,1459892089317,46,speaker,red
6305-1,1459892104818,47,speaker,"olive one , you ~ ~ ~ ~ darker one with like darkest of dark"
6305-1,1459892113306,48,speaker,lighter purple
6305-1,1459892148393,49,speaker,<unk> . <unk> ~ bluis
6305-1,1459892169711,50,speaker,gray
0429-9,1459891357588,1,speaker,real pink
0429-9,1459891401708,2,speaker,light purple ish sorry or brightest blue
0429-9,1459891434262,3,speaker,bright blue
0429-9,1459891457493,4,speaker,"dull bright pink , not the super pink ."
0429-9,1459891485133,5,speaker,the target is <unk> . ~ grey
0429-9,1459891514476,6,speaker,dullest one ~ purp
0429-9,1459891560089,7,speaker,"purple , the blue ?"
0429-9,1459891582476,8,speaker,least bluish blue
0429-9,1459891621147,9,speaker,lol ~ yes
0429-9,1459891654491,10,speaker,purple ~ faded
0429-9,1459891676622,11,speaker,grey
0429-9,1459891697214,12,speaker,pastel grey
0429-9,1459891710129,13,speaker,just purple
0429-9,1459891742375,14,speaker,it's the not green !
0429-9,1459891762999,15,speaker,bright purple
0429-9,1459891813574,16,speaker,pink
0429-9,1459891861872,17,speaker,dark green
0429-9,1459891884159,18,speaker,grey gray
0429-9,1459891950504,19,speaker,"the <unk> similar , neon green"
0429-9,1459891991829,20,speaker,"green , hot reen of green , ~ it's the olive green yellow"
0429-9,1459892019575,21,speaker,grapes
0429-9,1459892048507,22,speaker,gray color
0429-9,1459892090549,23,speaker,my bright you day
0429-9,1459892120432,24,speaker,faded purple
0429-9,1459892150318,25,speaker,green one ~ and more green ish yellow
0429-9,1459892171519,26,speaker,purple one
0429-9,1459892196287,27,speaker,red or orange
0429-9,1459892231992,28,speaker,bright purple
0429-9,1459892265851,29,speaker,dark orange
0429-9,1459892282187,30,speaker,green
0429-9,1459892317507,31,speaker,blue
0429-9,1459892341057,32,speaker,the bright blue
0429-9,1459892420346,33,speaker,brighter yellow one
0429-9,1459892488652,34,speaker,closest to lavender
0429-9,1459892535256,35,speaker,dark purple . or blue
0429-9,1459892640500,36,speaker,faded gray leaning
0429-9,1459892687677,37,speaker,brightest purple
0429-9,1459892732407,38,speaker,green
0429-9,1459892785252,39,speaker,blue
0429-9,1459892805553,40,speaker,green / pea green not the olive green . tis
0429-9,1459892835535,41,speaker,dark green
0429-9,1459892872158,42,speaker,blue / teal shade .
0429-9,1459892906233,43,speaker,pastel brightest the more blue
0429-9,1459892939461,44,speaker,hummm . not the darkest <unk>
0429-9,1459892962750,45,speaker,not turquise
0429-9,1459892987489,46,speaker,brown
0429-9,1459893007911,47,speaker,yellow
0429-9,1459893020085,48,speaker,the bright pink
0429-9,1459893037159,49,speaker,light blue
0429-9,1459893073776,50,speaker,grey gray
8730-c,1459891293995,1,speaker,darker green
8730-c,1459891314915,2,speaker,the brightest bluish purple
8730-c,1459891329774,3,speaker,grey
8730-c,1459891363470,4,speaker,green ~ dark green
8730-c,1459891378102,5,speaker,gray .
8730-c,1459891390931,6,speaker,muted
8730-c,1459891405063,7,speaker,the grey
8730-c,1459891414142,8,speaker,the plum one
8730-c,1459891432522,9,speaker,"<unk> green , about see )"
8730-c,1459891446954,10,speaker,<unk> blue or teal ( yellow foam
8730-c,1459891455102,11,speaker,gray-ish blue
8730-c,1459891465747,12,speaker,faded blue ~ not the regular of fruit ( they left ~ tis
8730-c,1459891476160,13,speaker,orange
8730-c,1459891489600,14,speaker,pink
8730-c,1459891499351,15,speaker,most blue green
8730-c,1459891512311,16,speaker,brownish
8730-c,1459891521632,17,speaker,"blue , the one"
8730-c,1459891546146,18,speaker,dark purple
8730-c,1459891567242,19,speaker,slightly dark color
8730-c,1459891577103,20,speaker,lesser color
8730-c,1459891590313,21,speaker,gray or blue gray
8730-c,1459891621991,22,speaker,brightest green
8730-c,1459891631748,23,speaker,light pink
8730-c,1459891644236,24,speaker,orange
8730-c,1459891657495,25,speaker,miss to pink color in <unk>
8730-c,1459891674732,26,speaker,"purple again , not the right of pink"
8730-c,1459891687228,27,speaker,ugly gray
8730-c,1459891697350,28,speaker,the very really green
8730-c,1459891716432,29,speaker,not the bright green
8730-c,1459891728257,30,speaker,"the blue-green shade , - , not the sky"
8730-c,1459891737446,31,speaker,blue )
8730-c,1459891746236,32,speaker,blue
8730-c,1459891761528,33,speaker,purple
8730-c,1459891771691,34,speaker,orange
8730-c,1459891783215,35,speaker,closest to the target is grey
8730-c,1459891793647,36,speaker,drab
8730-c,1459891804340,37,speaker,orange
8730-c,1459891811906,38,speaker,green
8730-c,1459891823761,39,speaker,the target is purp
8730-c,1459891838192,40,speaker,bright purple
8730-c,1459891846942,41,speaker,red
8730-c,1459891869899,42,speaker,purple
8730-c,1459891879019,43,speaker,bluish purple
8730-c,1459891892024,44,speaker,pink reddish
8730-c,1459891929436,45,speaker,yellow
8730-c,1459891940950,46,speaker,purple
8730-c,1459891957016,47,speaker,the brighter or light green
8730-c,1459891974615,48,speaker,"purple , not <unk> plum"
8730-c,1459891985788,49,speaker,lite green ( not grey / teal or more dull weird one
8730-c,1459891996011,50,speaker,<unk> <unk> ~ ~ <unk>
8961-d,1459891397684,1,speaker,pinkish fusia
8961-d,1459891417721,2,speaker,yellowish green
8961-d,1459891436120,3,speaker,bright green
8961-d,1459891479021,4,speaker,green
8961-d,1459891502371,5,speaker,blue of teal - blue
8961-d,1459891531225,6,speaker,brighter green
8961-d,1459891579450,7,speaker,gray
8961-d,1459891597545,8,speaker,the brightest shade
8961-d,1459891641979,9,speaker,closest to <unk> reen
8961-d,1459891700504,10,speaker,blue gray
8961-d,1459891719529,11,speaker,greener
8961-d,1459891760121,12,speaker,blue
8961-d,1459891769168,13,speaker,bright green
8961-d,1459891779550,14,speaker,medium <unk>
8961-d,1459891903332,15,speaker,grass green
8961-d,1459891923603,16,speaker,orange
8961-d,1459891989317,17,speaker,<unk> green
8961-d,1459892005637,18,speaker,purple
8961-d,1459892033012,19,speaker,brighter pinkish
8961-d,1459892067833,20,speaker,the miss ones hummm this one
8961-d,1459892100945,21,speaker,"closest to green , not one"
8961-d,1459892141136,22,speaker,gray
8961-d,1459892155882,23,speaker,purple
8961-d,1459892171243,24,speaker,greenish blue
8961-d,1459892213953,25,speaker,blue gray
8961-d,1459892328310,26,speaker,correct
8961-d,1459892337129,27,speaker,dull pink
8961-d,1459892344892,28,speaker,pink
8961-d,1459892362141,29,speaker,turquise
8961-d,1459892386606,30,speaker,grey
8961-d,1459892402719,31,speaker,<unk> ~ in <unk> ~ ~ ~ ~ ~ ~ blue
8961-d,1459892415153,32,speaker,yellow
8961-d,1459892435442,33,speaker,~ bright green ~ ~ brite
8961-d,1459892468296,34,speaker,purple
8961-d,1459892498687,35,speaker,<unk> purple
8961-d,1459892531860,36,speaker,brightest red
8961-d,1459892542086,37,speaker,"brown , the the lightest are pink or dull <unk>"
8961-d,1459892558110,38,speaker,dull color
8961-d,1459892573034,39,speaker,any blue
8961-d,1459892600348,40,speaker,purple
8961-d,1459892611157,41,speaker,darkest
8961-d,1459892636666,42,speaker,purple
8961-d,1459892693134,43,speaker,dull green
8961-d,1459892705098,44,speaker,the purple
8961-d,1459892732336,45,speaker,dreary one
8961-d,1459892752304,46,speaker,pink
8961-d,1459892780833,47,speaker,gray ( one
8961-d,1459892806661,48,speaker,lightest <unk> <unk> ~ bluis there's <unk> or greenish
8961-d,1459892842663,49,speaker,puple colored
8961-d,1459892864888,50,speaker,the closest to <unk> color of green ( not <unk> blue .
2653-0,1459891435636,1,speaker,most blue silver
2653-0,1459891461754,2,speaker,pink
2653-0,1459891467306,3,speaker,yellow green
2653-0,1459891476551,4,speaker,target is gray
2653-0,1459891483828,5,speaker,pale mauve
2653-0,1459891493204,6,speaker,the more muted green
2653-0,1459891503034,7,speaker,faded purple
2653-0,1459891511226,8,speaker,mud color
2653-0,1459891526609,9,speaker,the pinkish pink
2653-0,1459891534894,10,speaker,grayish gray one
2653-0,1459891546826,11,speaker,"purple , brighter darker"
2653-0,1459891561278,12,speaker,purple gray
2653-0,1459891569569,13,speaker,the darkest lime - neon ~
2653-0,1459891578148,14,speaker,blue-green
2653-0,1459891587863,15,speaker,grayest
2653-0,1459891596282,16,speaker,brown colored
2653-0,1459891618068,17,speaker,red
2653-0,1459891627002,18,speaker,pink
2653-0,1459891634151,19,speaker,bright green
2653-0,1459891641342,20,speaker,blue
2653-0,1459891652042,21,speaker,bright purple
2653-0,1459891659057,22,speaker,bright green
2653-0,1459891665534,23,speaker,<unk> blue
2653-0,1459891673642,24,speaker,grey
2653-0,1459891682839,25,speaker,grapes
2653-0,1459891693009,26,speaker,pink
2653-0,1459891704337,27,speaker,purple
2653-0,1459891711418,28,speaker,bright green
2653-0,1459891719924,29,speaker,ugly gray grey
2653-0,1459891729853,30,speaker,not bright pink
2653-0,1459891746746,31,speaker,bright purple
2653-0,1459891776254,32,speaker,olive .
2653-0,1459891785809,33,speaker,good sec pink
2653-0,1459891793966,34,speaker,grey
2653-0,1459891804954,35,speaker,yellow
2653-0,1459891813905,36,speaker,purple
2653-0,1459891822865,37,speaker,the target is blue or sky
2653-0,1459891829396,38,speaker,the target is the hot one . ~ the pink
2653-0,1459891841594,39,speaker,"blue , super purple up"
2653-0,1459891853156,40,speaker,darkest of the darkest purple
2653-0,1459891863230,41,speaker,camo / grey
2653-0,1459891874359,42,speaker,blue
2653-0,1459891881745,43,speaker,brown on the sun
2653-0,1459891890458,44,speaker,purple
2653-0,1459891899665,45,speaker,purple
2653-0,1459891906967,46,speaker,yellow
2653-0,1459891914289,47,speaker,bright pink
2653-0,1459891921751,48,speaker,tan / bit color
2653-0,1459891933409,49,speaker,lime green
2653-0,1459891945406,50,speaker,neon green
7975-c,1459891637333,1,speaker,grey
7975-c,1459891657370,2,speaker,yes that looks <unk> it's the bright one ?
7975-c,1459891679486,3,speaker,sky blue )
7975-c,1459891705171,4,speaker,grey
7975-c,1459891720301,5,speaker,not dark silver
7975-c,1459891735117,6,speaker,teal
7975-c,1459891744779,7,speaker,bright bright <unk>
7975-c,1459891759581,8,speaker,"gray , more blue"
7975-c,1459891779925,9,speaker,darker
7975-c,1459891793725,10,speaker,brightest pink
7975-c,1459891812746,11,speaker,bluish blue
7975-c,1459891825968,12,speaker,"brown ~ not one , not the red that's not one"
7975-c,1459891836216,13,speaker,bright again faded <unk>
7975-c,1459891846845,14,speaker,bright blue
7975-c,1459891854815,15,speaker,brown
7975-c,1459891866390,16,speaker,brightest blue
7975-c,1459891877340,17,speaker,grey
7975-c,1459891893274,18,speaker,brightest green or yellow
7975-c,1459891909853,19,speaker,the target is the target is blue . opposite violet
7975-c,1459891922051,20,speaker,dullest <unk> the sky blue-ish green
7975-c,1459891932366,21,speaker,"purple , kind of lavender"
7975-c,1459891948332,22,speaker,bright green ( grape
7975-c,1459891957980,23,speaker,olive shade of light
7975-c,1459891965571,24,speaker,pinkish ; again is blue-ish with purple
7975-c,1459891980373,25,speaker,red without and one in bright bright .
7975-c,1459891999972,26,speaker,lightest purple closer to purple . not one ~
7975-c,1459892010468,27,speaker,old
7975-c,1459892017482,28,speaker,brightest blue
7975-c,1459892023868,29,speaker,gray
7975-c,1459892031683,30,speaker,the <unk> blue
7975-c,1459892045933,31,speaker,greenish tone reen
7975-c,1459892060715,32,speaker,darkest green
7975-c,1459892073985,33,speaker,"green , yellow"
7975-c,1459892083353,34,speaker,the medium blue
7975-c,1459892093129,35,speaker,dim blue
7975-c,1459892103089,36,speaker,gold
7975-c,1459892110816,37,speaker,darker pink
7975-c,1459892121502,38,speaker,bright pink
7975-c,1459892129233,39,speaker,purple
7975-c,1459892136689,40,speaker,bright of green
7975-c,1459892145960,41,speaker,neon green
7975-c,1459892166278,42,speaker,mint green
7975-c,1459892178824,43,speaker,purple / brown
7975-c,1459892187448,44,speaker,tan
7975-c,1459892198839,45,speaker,weird red
7975-c,1459892214864,46,speaker,purple
7975-c,1459892227916,47,speaker,lite green
7975-c,1459892236871,48,speaker,olive blue
7975-c,1459892248570,49,speaker,gray brown
7975-c,1459892262994,50,speaker,blue
9146-e,1459891743368,1,speaker,bluish pink
9146-e,1459891762091,2,speaker,darkish purple
9146-e,1459891774017,3,speaker,teal
9146-e,1459891792645,4,speaker,<unk> <unk> .
9146-e,1459891807033,5,speaker,darker pink
9146-e,1459891814904,6,speaker,blue
9146-e,1459891823157,7,speaker,purple
9146-e,1459891846928,8,speaker,"the target is the <unk> of blue , the <unk>"
9146-e,1459891867025,9,speaker,purple
9146-e,1459891889281,10,speaker,purple that is purple ~ deep
9146-e,1459891901517,11,speaker,reddish
9146-e,1459891912391,12,speaker,dullest or the most tan purple or light blue
9146-e,1459891922021,13,speaker,green
9146-e,1459891934748,14,speaker,purp green ~ darker
9146-e,1459891958666,15,speaker,orange
9146-e,1459891976384,16,speaker,grapes
9146-e,1459891985218,17,speaker,magenta
9146-e,1459891992760,18,speaker,red ~ not the tan one
9146-e,1459891999785,19,speaker,bluis blue
9146-e,1459892007257,20,speaker,darkest purple
9146-e,1459892018644,21,speaker,easter green
9146-e,1459892043526,22,speaker,purple
9146-e,1459892053970,23,speaker,lightest
9146-e,1459892074190,24,speaker,dark purple
9146-e,1459892084135,25,speaker,purple
9146-e,1459892096652,26,speaker,bright color
9146-e,1459892113912,27,speaker,purple
9146-e,1459892121601,28,speaker,light green ~ yes
9146-e,1459892130960,29,speaker,light miss similar one .
9146-e,1459892140017,30,speaker,the target is pink / pink / pink ) .
9146-e,1459892150304,31,speaker,grey gray
9146-e,1459892154720,32,speaker,grayish green
9146-e,1459892166743,33,speaker,closest to green with a one of blue
9146-e,1459892175954,34,speaker,grayest
9146-e,1459892185532,35,speaker,blue
9146-e,1459892192606,36,speaker,blue
9146-e,1459892200281,37,speaker,purple
9146-e,1459892209588,38,speaker,teal
9146-e,1459892223835,39,speaker,most gray
9146-e,1459892237061,40,speaker,pale mauve
9146-e,1459892250553,41,speaker,bluish pink
9146-e,1459892258957,42,speaker,grass
9146-e,1459892267553,43,speaker,purple
9146-e,1459892279410,44,speaker,olive green
9146-e,1459892302181,45,speaker,orange
9146-e,1459892323991,46,speaker,ugly gray color
9146-e,1459892341032,47,speaker,light purple
9146-e,1459892369674,48,speaker,brightest green
9146-e,1459892379435,49,speaker,"grey , closest to brown"
9146-e,1459892388852,50,speaker,lime yellow
3432-6,1459891833928,1,speaker,blue
3432-6,1459891846236,2,speaker,yellower
3432-6,1459891863130,3,speaker,the olive green
3432-6,1459891888610,4,speaker,dull target ~ grey
3432-6,1459891916438,5,speaker,green
3432-6,1459891945143,6,speaker,dark blue
3432-6,1459891958119,7,speaker,blue
3432-6,1459891969158,8,speaker,real green / green / lightest tone
3432-6,1459891995918,9,speaker,dark gray
3432-6,1459892006182,10,speaker,the lighter green
3432-6,1459892031393,11,speaker,purple
3432-6,1459892046870,12,speaker,dark green - one ~ ~ ~ ~ ~ ~ ~ ~ ~ ~ not more reen not the blue-ish one . faded
3432-6,1459892056185,13,speaker,dusty pink
3432-6,1459892064256,14,speaker,green
3432-6,1459892079806,15,speaker,teal
3432-6,1459892087070,16,speaker,bright green
3432-6,1459892114405,17,speaker,"blue one , the one that good to"
3432-6,1459892126459,18,speaker,brown ~ drab !
3432-6,1459892135813,19,speaker,pink ; darker red
3432-6,1459892143341,20,speaker,blue
3432-6,1459892155253,21,speaker,redish puple
3432-6,1459892179911,22,speaker,brown
3432-6,1459892192485,23,speaker,yes
3432-6,1459892199866,24,speaker,pink
3432-6,1459892217319,25,speaker,yellowish not the middle shade green ish least green / duller pastel green
3432-6,1459892276341,26,speaker,"green , the others greens ."
3432-6,1459892289973,27,speaker,the target is i here ~ of forest green
3432-6,1459892309246,28,speaker,purple
3432-6,1459892319679,29,speaker,green and not teal
3432-6,1459892357349,30,speaker,purple box ~ not the darkest
3432-6,1459892390909,31,speaker,blue green
3432-6,1459892403404,32,speaker,old
3432-6,1459892422308,33,speaker,blue
3432-6,1459892436848,34,speaker,time / second bright pink ~ pick in in faded ~ super slightly bright pink
3432-6,1459892459348,35,speaker,grape
3432-6,1459892480813,36,speaker,gray ; not blue
3432-6,1459892494237,37,speaker,grape ~ there's one and one .
3432-6,1459892512467,38,speaker,or most bluish green
3432-6,1459892525301,39,speaker,lime
3432-6,1459892540418,40,speaker,purple
3432-6,1459892549389,41,speaker,red
3432-6,1459892575829,42,speaker,"brite green , not the pick ones of a yellowish dull same greens"
3432-6,1459892614110,43,speaker,purple
3432-6,1459892639036,44,speaker,blue or blue
3432-6,1459892662316,45,speaker,magenta
3432-6,1459892675939,46,speaker,orange
3432-6,1459892686931,47,speaker,green
3432-6,1459892741667,48,speaker,brownish
3432-6,1459892776258,49,speaker,neon purple
3432-6,1459892794669,50,speaker,the not the most bluish gray
2986-a,1459891971542,1,speaker,teal
2986-a,1459891981931,2,speaker,purple
2986-a,1459891990342,3,speaker,purple
2986-a,1459892016474,4,speaker,purple
2986-a,1459892051721,5,speaker,purple
2986-a,1459892086550,6,speaker,closest to light purple
2986-a,1459892095613,7,speaker,purple
2986-a,1459892124953,8,speaker,light green
2986-a,1459892147223,9,speaker,greener
2986-a,1459892162921,10,speaker,brown not leaning blue
2986-a,1459892172722,11,speaker,pumpkin
2986-a,1459892179703,12,speaker,brownish
2986-a,1459892190191,13,speaker,blue
2986-a,1459892200002,14,speaker,purple
2986-a,1459892208165,15,speaker,brighter darkest
2986-a,1459892217503,16,speaker,pink
2986-a,1459892228493,17,speaker,light blue
2986-a,1459892240861,18,speaker,olive green
2986-a,1459892273659,19,speaker,the tan one
2986-a,1459892283567,20,speaker,purple
2986-a,1459892293094,21,speaker,purple
2986-a,1459892300921,22,speaker,has <unk> that ! . are <unk>
2986-a,1459892308050,23,speaker,purple
2986-a,1459892315945,24,speaker,the target is gray or blue
2986-a,1459892328333,25,speaker,brightest purple
2986-a,1459892334135,26,speaker,closest one is hot pink job one is pink . not hot pink
2986-a,1459892355085,27,speaker,least blue
2986-a,1459892394225,28,speaker,duller pinkish purple ( but the pale purple with more purple with more pink . not the deep purple
2986-a,1459892404960,29,speaker,yellow
2986-a,1459892412929,30,speaker,pumpkin
2986-a,1459892420651,31,speaker,pale blue
2986-a,1459892434129,32,speaker,most blue ish green
2986-a,1459892444405,33,speaker,purplish greyish not the darkest grey
2986-a,1459892454405,34,speaker,blue <unk>
2986-a,1459892460646,35,speaker,gray or gray
2986-a,1459892467381,36,speaker,amethyst
2986-a,1459892478453,37,speaker,purple gray
2986-a,1459892487684,38,speaker,most grass purple
2986-a,1459892498026,39,speaker,brightest green tone
2986-a,1459892509762,40,speaker,brightest purple
2986-a,1459892518093,41,speaker,pink
2986-a,1459892529888,42,speaker,sky <unk>
2986-a,1459892538116,43,speaker,yellow
2986-a,1459892545031,44,speaker,blue / blue
2986-a,1459892559735,45,speaker,red
2986-a,1459892593684,46,speaker,blue
2986-a,1459892601831,47,speaker,gray ; not the one
2986-a,1459892608308,48,speaker,most blue
2986-a,1459892628613,49,speaker,grayish
2986-a,1459892750178,50,speaker,sky
1220-a,1459892086159,1,speaker,grey silver
1220-a,1459892101723,2,speaker,darker green ~ its not the <unk> green with last left ~ same
1220-a,1459892120979,3,speaker,brown
1220-a,1459892140973,4,speaker,lesser
1220-a,1459892156036,5,speaker,most object
1220-a,1459892178496,6,speaker,blue
1220-a,1459892213282,7,speaker,mauve
1220-a,1459892223526,8,speaker,redish color ( closer i think <unk> ~ ~
1220-a,1459892245851,9,speaker,"grayest , the one , <unk> than a greenish one"
1220-a,1459892282865,10,speaker,the bright green
1220-a,1459892311356,11,speaker,pink
1220-a,1459892320109,12,speaker,the greyish one that seems look more purple
1220-a,1459892334851,13,speaker,old
1220-a,1459892354857,14,speaker,lime green
1220-a,1459892388251,15,speaker,the target is blue / blue
1220-a,1459892409819,16,speaker,red
1220-a,1459892420529,17,speaker,yellow
1220-a,1459892456083,18,speaker,the color to one
1220-a,1459892465675,19,speaker,grayest <unk> closer is most purple
1220-a,1459892488553,20,speaker,orange
1220-a,1459892501489,21,speaker,purple / blue or blue
1220-a,1459892549911,22,speaker,tan green
1220-a,1459892554715,23,speaker,yellowish color to yes . <unk> . one
1220-a,1459892571419,24,speaker,"magenta , not the two <unk> ~ yes . closer !"
1220-a,1459892584374,25,speaker,brown !
1220-a,1459892620030,26,speaker,turquise gray
1220-a,1459892627791,27,speaker,middle green - more green
1220-a,1459892637033,28,speaker,dull pale pink
1220-a,1459892645965,29,speaker,miss piggy
1220-a,1459892657338,30,speaker,bright pink
1220-a,1459892677512,31,speaker,light square that looks violet
1220-a,1459892687063,32,speaker,"tealish with yes , more green"
1220-a,1459892697895,33,speaker,blue
1220-a,1459892705154,34,speaker,grey
1220-a,1459892728417,35,speaker,the brightest / redish aqua teal
1220-a,1459892740848,36,speaker,greenish gray
1220-a,1459892752689,37,speaker,yellow
1220-a,1459892773232,38,speaker,purple ; magenta ? ~ i see one ~ the correct greens
1220-a,1459892799830,39,speaker,purple
1220-a,1459892811790,40,speaker,closest to yellow green
1220-a,1459892827212,41,speaker,brown
1220-a,1459892850281,42,speaker,lime green
1220-a,1459892863363,43,speaker,bright green
1220-a,1459892883327,44,speaker,gray
1220-a,1459892898883,45,speaker,yellow
1220-a,1459892913174,46,speaker,lightest gray
1220-a,1459892925048,47,speaker,reddish
1220-a,1459892934151,48,speaker,purple
1220-a,1459892983570,49,speaker,brown
1220-a,1459893043870,50,speaker,brownish brown
5711-e,1459892162822,1,speaker,darker blue
5711-e,1459892215779,2,speaker,hello
5711-e,1459892276483,3,speaker,<unk>
5711-e,1459892395402,4,speaker,purple
5711-e,1459892419921,5,speaker,the medium blue
5711-e,1459892436426,6,speaker,<unk>
5711-e,1459892480032,7,speaker,teal
5711-e,1459892510101,8,speaker,pink
5711-e,1459892590057,9,speaker,dullest color
5711-e,1459892628390,10,speaker,brown
5711-e,1459892677292,11,speaker,"<unk> , closest are <unk> of the sun ~ bright green ( <unk> ~ ~ reen . the more light closest to brown"
5711-e,1459892756026,12,speaker,dark purple
5711-e,1459892779511,13,speaker,greenish the bright green
5711-e,1459892794076,14,speaker,green one
5711-e,1459892809169,15,speaker,green
5711-e,1459892854991,16,speaker,miss between neon purple
5711-e,1459892897516,17,speaker,the <unk> blue
5711-e,1459892922056,18,speaker,the object is <unk>
5711-e,1459892955336,19,speaker,dark green or blue .
5711-e,1459892971335,20,speaker,dull yellow
5711-e,1459892994754,21,speaker,<unk>
5711-e,1459893025629,22,speaker,"greenish not the lighter green , not the doo greens"
5711-e,1459893043150,23,speaker,mustard
5711-e,1459893056745,24,speaker,brightest purple
5711-e,1459893082119,25,speaker,kind of closest to plum
5711-e,1459893110008,26,speaker,bright miss hehe
5711-e,1459893140520,27,speaker,blue
5711-e,1459893162306,28,speaker,gold
5711-e,1459893234375,29,speaker,"more pink , not the bright pink ~ purple"
5711-e,1459893253273,30,speaker,<unk> <unk> you <unk> greenish yep
5711-e,1459893270279,31,speaker,tealish
5711-e,1459893289655,32,speaker,tan
5711-e,1459893323680,33,speaker,"medium brown , one that's <unk> , the middle shade of magenta ~"
5711-e,1459893343692,34,speaker,lot ( to <unk> here . ~ ~ <unk> !
5711-e,1459893362670,35,speaker,"pale hummm <unk> one but the <unk> on sorry , the gray-ish grey"
5711-e,1459893373949,36,speaker,light blue
5711-e,1459893422984,37,speaker,orange
5711-e,1459893474858,38,speaker,purple color ~ its magenta
5711-e,1459893501570,39,speaker,most most <unk> gray
5711-e,1459893514591,40,speaker,brightest pink
5711-e,1459893531618,41,speaker,turquoise blue
5711-e,1459893544847,42,speaker,blue
5711-e,1459893568853,43,speaker,lighter orange
5711-e,1459893582118,44,speaker,green
5711-e,1459893597988,45,speaker,light purple <unk> or pinkish ~ blue
5711-e,1459893618008,46,speaker,<unk> ~ of it's the green grey
5711-e,1459893638598,47,speaker,closest to tan brown
5711-e,1459893675104,48,speaker,pink
5711-e,1459893685527,49,speaker,"the darker blue , color"
5711-e,1459893700697,50,speaker,purple
2806-5,1459892263090,1,speaker,<unk> blue
2806-5,1459892276242,2,speaker,color
2806-5,1459892341880,3,speaker,purple
2806-5,1459892400822,4,speaker,dark purple
2806-5,1459892413966,5,speaker,regular <unk> <unk> kind . blue square no descriptions ! this kind of me ~ blue ~ yep
2806-5,1459892435822,6,speaker,lime yellow
2806-5,1459892466036,7,speaker,bright pink
2806-5,1459892486655,8,speaker,darker sky sky
2806-5,1459892507136,9,speaker,<unk> <unk> and magenta
2806-5,1459892527573,10,speaker,medium purple
2806-5,1459892547488,11,speaker,blue
2806-5,1459892581459,12,speaker,blue
2806-5,1459892602172,13,speaker,blue one
2806-5,1459892625975,14,speaker,light green
2806-5,1459892644238,15,speaker,like medium pink
2806-5,1459892678503,16,speaker,green
2806-5,1459892694324,17,speaker,tan
2806-5,1459892712926,18,speaker,<unk> green
2806-5,1459892756570,19,speaker,dark green
2806-5,1459892787765,20,speaker,purple
2806-5,1459892810627,21,speaker,pink
2806-5,1459892852589,22,speaker,orange
2806-5,1459892868495,23,speaker,lol
2806-5,1459892883743,24,speaker,"sorry of green , medium green ."
2806-5,1459892918980,25,speaker,dull gray
2806-5,1459892936285,26,speaker,pea yellow
2806-5,1459892974790,27,speaker,purple
2806-5,1459893002660,28,speaker,darker red
2806-5,1459893033593,29,speaker,"<unk> square , not the object that so <unk> , one"
2806-5,1459893075967,30,speaker,<unk> purple
2806-5,1459893095170,31,speaker,tan
2806-5,1459893114159,32,speaker,it's i to <unk> <unk> no ugly gray
2806-5,1459893134848,33,speaker,light red
2806-5,1459893154479,34,speaker,dull purple
2806-5,1459893181675,35,speaker,grey
2806-5,1459893205578,36,speaker,green
2806-5,1459893212849,37,speaker,blue
2806-5,1459893231679,38,speaker,blue / teal
2806-5,1459893261898,39,speaker,darker no - not dim pink
2806-5,1459893289475,40,speaker,bright pink
2806-5,1459893309486,41,speaker,blue
2806-5,1459893325008,42,speaker,<unk> green
2806-5,1459893345074,43,speaker,"dark blue , the two of the <unk> bright"
2806-5,1459893370917,44,speaker,brownish brown
2806-5,1459893381570,45,speaker,purple
2806-5,1459893394754,46,speaker,darkest green
2806-5,1459893417369,47,speaker,dark blue
2806-5,1459893446948,48,speaker,darkest purple
2806-5,1459893468395,49,speaker,bright green again
2806-5,1459893482229,50,speaker,middle of green
9923-6,1459892351589,1,speaker,green and is <unk> green
9923-6,1459892410594,2,speaker,green
9923-6,1459892427932,3,speaker,matte orange .
9923-6,1459892478025,4,speaker,hot brownish
9923-6,1459892499104,5,speaker,light blue
9923-6,1459892527043,6,speaker,bluish purple
9923-6,1459892538752,7,speaker,"reddish one , hot dusty violet ~ faded"
9923-6,1459892552104,8,speaker,pink in yes that's ugly pink leaning ?
9923-6,1459892567626,9,speaker,the blue blue
9923-6,1459892583254,10,speaker,grayest one
9923-6,1459892636490,11,speaker,grass green
9923-6,1459892656711,12,speaker,purple
9923-6,1459892668076,13,speaker,bluest purple
9923-6,1459892676310,14,speaker,bluish gray
9923-6,1459892715877,15,speaker,orange
9923-6,1459892752961,16,speaker,blue ~ not the dullest grayish green ~ most gray
9923-6,1459892809791,17,speaker,pea green
9923-6,1459892828901,18,speaker,green ~ brighter
9923-6,1459892839873,19,speaker,brown .
9923-6,1459892856509,20,speaker,turquoise
9923-6,1459892899224,21,speaker,green
9923-6,1459892920746,22,speaker,lavender
9923-6,1459892932536,23,speaker,darker green
9923-6,1459892979979,24,speaker,"olive green , not the olive color , more gray"
9923-6,1459893028674,25,speaker,forest green
9923-6,1459893047354,26,speaker,brighter purple
9923-6,1459893056134,27,speaker,purple
9923-6,1459893079022,28,speaker,my <unk> <unk> one ~ the last one tone ~ dark bright one . maybe ~ ~ ~ ~ ~ ~ bluest blue
9923-6,1459893098322,29,speaker,sorry .
9923-6,1459893110851,30,speaker,grey
9923-6,1459893147124,31,speaker,bright muted
9923-6,1459893158447,32,speaker,purple
9923-6,1459893172121,33,speaker,blue
9923-6,1459893183333,34,speaker,"pale , two one , the <unk> ~ ~ ~ ~ ~ ~ ~ ~ ~"
9923-6,1459893189877,35,speaker,lime green
9923-6,1459893209655,36,speaker,blue ~ the medium one
9923-6,1459893233710,37,speaker,purple
9923-6,1459893256081,38,speaker,<unk>
9923-6,1459893295904,39,speaker,<unk> ~ <unk> ~ ~ ~ ~ ~ ~
9923-6,1459893311228,40,speaker,green
9923-6,1459893321423,41,speaker,very not gray
9923-6,1459893335593,42,speaker,<unk>
9923-6,1459893360025,43,speaker,brown ?
9923-6,1459893376677,44,speaker,closest to tan
9923-6,1459893399775,45,speaker,the same one that is teal ( it is the sky one
9923-6,1459893412762,46,speaker,<unk> blue
9923-6,1459893428813,47,speaker,grayish
9923-6,1459893438397,48,speaker,bright green
9923-6,1459893448243,49,speaker,teal
9923-6,1459893460846,50,speaker,red
7601-b,1459892442587,1,speaker,green
7601-b,1459892455986,2,speaker,the target is more light
7601-b,1459892469698,3,speaker,closest are closer to pinkish matte color
7601-b,1459892483602,4,speaker,purple
7601-b,1459892495658,5,speaker,bright pink
7601-b,1459892502498,6,speaker,red
7601-b,1459892508346,7,speaker,darker purple ~ grape
7601-b,1459892527258,8,speaker,mud
7601-b,1459892538218,9,speaker,purple
7601-b,1459892547970,10,speaker,<unk> blue
7601-b,1459892559154,11,speaker,brightest purple
7601-b,1459892572315,12,speaker,sky - but one
7601-b,1459892609443,13,speaker,yes of the three
7601-b,1459892621235,14,speaker,orange
7601-b,1459892629299,15,speaker,green grey
7601-b,1459892639875,16,speaker,girl color
7601-b,1459892675499,17,speaker,green / yellow one is more lighter ~ <unk>
7601-b,1459892688812,18,speaker,blue
7601-b,1459892701059,19,speaker,closest to grey undertones messed to a <unk> ~ ~ other one .
7601-b,1459892722603,20,speaker,purple
7601-b,1459892746835,21,speaker,purple ; not the light
7601-b,1459892755907,22,speaker,"darkest green , the the blue that's but <unk> one"
7601-b,1459892764100,23,speaker,light reddish
7601-b,1459892772268,24,speaker,pink
7601-b,1459892782043,25,speaker,gray
7601-b,1459892794651,26,speaker,pumpkin
7601-b,1459892806276,27,speaker,mint blue
7601-b,1459892812643,28,speaker,the other two is a green ~
7601-b,1459892819083,29,speaker,bright blue
7601-b,1459892830164,30,speaker,pale purple
7601-b,1459892838067,31,speaker,purple / grey the lot of purple
7601-b,1459892844035,32,speaker,teal teal
7601-b,1459892853099,33,speaker,bright green
7601-b,1459892874884,34,speaker,pale brown
7601-b,1459892883204,35,speaker,red one
7601-b,1459892889364,36,speaker,bright darker green
7601-b,1459892899332,37,speaker,purple there's not color with grape
7601-b,1459892910164,38,speaker,dull blue
7601-b,1459892917180,39,speaker,the bright blue is blue
7601-b,1459892933132,40,speaker,pinkish pink
7601-b,1459892941524,41,speaker,purple
7601-b,1459892948796,42,speaker,dark blue
7601-b,1459892956756,43,speaker,yes ~ no ~ to gray briter
7601-b,1459892963764,44,speaker,closest . more the ugly grayish . ~ sky ~ ~ ~ ~ ~ ~ ~ ~ ~ ~ ~ ~ ~ ~ ~ ~ ~ ~ ~ ~ ~ darker this ) )
7601-b,1459892969916,45,speaker,brown
7601-b,1459892977020,46,speaker,grey
7601-b,1459892986092,47,speaker,pink
7601-b,1459892992044,48,speaker,<unk> of one ~
7601-b,1459892997716,49,speaker,brightest pea green
7601-b,1459893010252,50,speaker,brightest blue
