dialogue,Condition,Language,roundid
1,equal/far,Chinese,0316-e2f34fea-b7c4-4b64-81b9-634240105f74.1
1,equal/far,Chinese,0316-e2f34fea-b7c4-4b64-81b9-634240105f74.10
1,further/split,Chinese,0316-e2f34fea-b7c4-4b64-81b9-634240105f74.11
1,closer/close,Chinese,0316-e2f34fea-b7c4-4b64-81b9-634240105f74.12
1,closer/close,Chinese,0316-e2f34fea-b7c4-4b64-81b9-634240105f74.2
1,closer/close,Chinese,0316-e2f34fea-b7c4-4b64-81b9-634240105f74.3
1,closer/close,Chinese,0316-e2f34fea-b7c4-4b64-81b9-634240105f74.4
1,further/split,Chinese,0316-e2f34fea-b7c4-4b64-81b9-634240105f74.5
1,equal/far,Chinese,0316-e2f34fea-b7c4-4b64-81b9-634240105f74.6
1,equal/far,Chinese,0316-e2f34fea-b7c4-4b64-81b9-634240105f74.7
1,further/split,Chinese,0316-e2f34fea-b7c4-4b64-81b9-634240105f74.8
1,equal/far,Chinese,0316-e2f34fea-b7c4-4b64-81b9-634240105f74.9
8,equal/far,Chinese,1062-3d3860a1-f48d-4920-8fdc-75a1494e2502.1
1,further/split,Chinese,1062-3d3860a1-f48d-4920-8fdc-75a1494e2502.10
1,further/split,Chinese,1062-3d3860a1-f48d-4920-8fdc-75a1494e2502.11
1,equal/far,Chinese,1062-3d3860a1-f48d-4920-8fdc-75a1494e2502.12
1,closer/close,Chinese,1062-3d3860a1-f48d-4920-8fdc-75a1494e2502.13
1,further/split,Chinese,1062-3d3860a1-f48d-4920-8fdc-75a1494e2502.14
1,equal/far,Chinese,1062-3d3860a1-f48d-4920-8fdc-75a1494e2502.15
1,further/split,Chinese,1062-3d3860a1-f48d-4920-8fdc-75a1494e2502.16
1,further/split,Chinese,1062-3d3860a1-f48d-4920-8fdc-75a1494e2502.17
2,equal/far,Chinese,1062-3d3860a1-f48d-4920-8fdc-75a1494e2502.18
1,equal/far,Chinese,1062-3d3860a1-f48d-4920-8fdc-75a1494e2502.19
1,closer/close,Chinese,1062-3d3860a1-f48d-4920-8fdc-75a1494e2502.2
1,further/split,Chinese,1062-3d3860a1-f48d-4920-8fdc-75a1494e2502.20
1,equal/far,Chinese,1062-3d3860a1-f48d-4920-8fdc-75a1494e2502.21
2,closer/close,Chinese,1062-3d3860a1-f48d-4920-8fdc-75a1494e2502.22
1,closer/close,Chinese,1062-3d3860a1-f48d-4920-8fdc-75a1494e2502.24
1,equal/far,Chinese,1062-3d3860a1-f48d-4920-8fdc-75a1494e2502.25
1,closer/close,Chinese,1062-3d3860a1-f48d-4920-8fdc-75a1494e2502.26
1,closer/close,Chinese,1062-3d3860a1-f48d-4920-8fdc-75a1494e2502.27
1,equal/far,Chinese,1062-3d3860a1-f48d-4920-8fdc-75a1494e2502.28
1,further/split,Chinese,1062-3d3860a1-f48d-4920-8fdc-75a1494e2502.29
1,closer/close,Chinese,1062-3d3860a1-f48d-4920-8fdc-75a1494e2502.3
1,further/split,Chinese,1062-3d3860a1-f48d-4920-8fdc-75a1494e2502.30
1,closer/close,Chinese,1062-3d3860a1-f48d-4920-8fdc-75a1494e2502.31
1,closer/close,Chinese,1062-3d3860a1-f48d-4920-8fdc-75a1494e2502.32
1,further/split,Chinese,1062-3d3860a1-f48d-4920-8fdc-75a1494e2502.33
1,closer/close,Chinese,1062-3d3860a1-f48d-4920-8fdc-75a1494e2502.34
1,equal/far,Chinese,1062-3d3860a1-f48d-4920-8fdc-75a1494e2502.35
1,equal/far,Chinese,1062-3d3860a1-f48d-4920-8fdc-75a1494e2502.36
1,further/split,Chinese,1062-3d3860a1-f48d-4920-8fdc-75a1494e2502.37
1,equal/far,Chinese,1062-3d3860a1-f48d-4920-8fdc-75a1494e2502.38
1,closer/close,Chinese,1062-3d3860a1-f48d-4920-8fdc-75a1494e2502.39
1,closer/close,Chinese,1062-3d3860a1-f48d-4920-8fdc-75a1494e2502.4
1,further/split,Chinese,1062-3d3860a1-f48d-4920-8fdc-75a1494e2502.40
1,equal/far,Chinese,1062-3d3860a1-f48d-4920-8fdc-75a1494e2502.41
1,equal/far,Chinese,1062-3d3860a1-f48d-4920-8fdc-75a1494e2502.42
1,equal/far,Chinese,1062-3d3860a1-f48d-4920-8fdc-75a1494e2502.43
1,further/split,Chinese,1062-3d3860a1-f48d-4920-8fdc-75a1494e2502.44
1,further/split,Chinese,1062-3d3860a1-f48d-4920-8fdc-75a1494e2502.45
1,closer/close,Chinese,1062-3d3860a1-f48d-4920-8fdc-75a1494e2502.46
1,equal/far,Chinese,1062-3d3860a1-f48d-4920-8fdc-75a1494e2502.47
1,equal/far,Chinese,1062-3d3860a1-f48d-4920-8fdc-75a1494e2502.48
1,further/split,Chinese,1062-3d3860a1-f48d-4920-8fdc-75a1494e2502.49
1,closer/close,Chinese,1062-3d3860a1-f48d-4920-8fdc-75a1494e2502.5
1,closer/close,Chinese,1062-3d3860a1-f48d-4920-8fdc-75a1494e2502.50
1,closer/close,Chinese,1062-3d3860a1-f48d-4920-8fdc-75a1494e2502.6
2,further/split,Chinese,1062-3d3860a1-f48d-4920-8fdc-75a1494e2502.7
1,closer/close,Chinese,1062-3d3860a1-f48d-4920-8fdc-75a1494e2502.8
2,further/split,Chinese,1062-3d3860a1-f48d-4920-8fdc-75a1494e2502.9
1,equal/far,Chinese,1749-16e02541-2385-4752-9fd3-caa3a825b469.1
3,further/split,Chinese,1749-16e02541-2385-4752-9fd3-caa3a825b469.10
1,closer/close,Chinese,1749-16e02541-2385-4752-9fd3-caa3a825b469.11
1,closer/close,Chinese,1749-16e02541-2385-4752-9fd3-caa3a825b469.12
1,equal/far,Chinese,1749-16e02541-2385-4752-9fd3-caa3a825b469.13
1,further/split,Chinese,1749-16e02541-2385-4752-9fd3-caa3a825b469.14
1,further/split,Chinese,1749-16e02541-2385-4752-9fd3-caa3a825b469.15
3,closer/close,Chinese,1749-16e02541-2385-4752-9fd3-caa3a825b469.16
1,equal/far,Chinese,1749-16e02541-2385-4752-9fd3-caa3a825b469.17
3,further/split,Chinese,1749-16e02541-2385-4752-9fd3-caa3a825b469.18
1,equal/far,Chinese,1749-16e02541-2385-4752-9fd3-caa3a825b469.19
1,equal/far,Chinese,1749-16e02541-2385-4752-9fd3-caa3a825b469.2
1,further/split,Chinese,1749-16e02541-2385-4752-9fd3-caa3a825b469.20
1,further/split,Chinese,1749-16e02541-2385-4752-9fd3-caa3a825b469.21
1,closer/close,Chinese,1749-16e02541-2385-4752-9fd3-caa3a825b469.22
1,further/split,Chinese,1749-16e02541-2385-4752-9fd3-caa3a825b469.23
3,further/split,Chinese,1749-16e02541-2385-4752-9fd3-caa3a825b469.24
1,equal/far,Chinese,1749-16e02541-2385-4752-9fd3-caa3a825b469.25
1,closer/close,Chinese,1749-16e02541-2385-4752-9fd3-caa3a825b469.26
1,equal/far,Chinese,1749-16e02541-2385-4752-9fd3-caa3a825b469.27
3,closer/close,Chinese,1749-16e02541-2385-4752-9fd3-caa3a825b469.28
1,closer/close,Chinese,1749-16e02541-2385-4752-9fd3-caa3a825b469.29
1,closer/close,Chinese,1749-16e02541-2385-4752-9fd3-caa3a825b469.3
1,further/split,Chinese,1749-16e02541-2385-4752-9fd3-caa3a825b469.30
1,further/split,Chinese,1749-16e02541-2385-4752-9fd3-caa3a825b469.31
1,equal/far,Chinese,1749-16e02541-2385-4752-9fd3-caa3a825b469.32
1,further/split,Chinese,1749-16e02541-2385-4752-9fd3-caa3a825b469.33
1,equal/far,Chinese,1749-16e02541-2385-4752-9fd3-caa3a825b469.34
1,closer/close,Chinese,1749-16e02541-2385-4752-9fd3-caa3a825b469.35
1,equal/far,Chinese,1749-16e02541-2385-4752-9fd3-caa3a825b469.36
3,closer/close,Chinese,1749-16e02541-2385-4752-9fd3-caa3a825b469.37
1,further/split,Chinese,1749-16e02541-2385-4752-9fd3-caa3a825b469.38
1,closer/close,Chinese,1749-16e02541-2385-4752-9fd3-caa3a825b469.39
1,equal/far,Chinese,1749-16e02541-2385-4752-9fd3-caa3a825b469.4
1,equal/far,Chinese,1749-16e02541-2385-4752-9fd3-caa3a825b469.40
1,equal/far,Chinese,1749-16e02541-2385-4752-9fd3-caa3a825b469.41
1,closer/close,Chinese,1749-16e02541-2385-4752-9fd3-caa3a825b469.42
1,further/split,Chinese,1749-16e02541-2385-4752-9fd3-caa3a825b469.43
1,equal/far,Chinese,1749-16e02541-2385-4752-9fd3-caa3a825b469.44
1,equal/far,Chinese,1749-16e02541-2385-4752-9fd3-caa3a825b469.45
1,further/split,Chinese,1749-16e02541-2385-4752-9fd3-caa3a825b469.46
1,closer/close,Chinese,1749-16e02541-2385-4752-9fd3-caa3a825b469.47
1,closer/close,Chinese,1749-16e02541-2385-4752-9fd3-caa3a825b469.48
1,further/split,Chinese,1749-16e02541-2385-4752-9fd3-caa3a825b469.49
1,further/split,Chinese,1749-16e02541-2385-4752-9fd3-caa3a825b469.5
1,closer/close,Chinese,1749-16e02541-2385-4752-9fd3-caa3a825b469.50
1,equal/far,Chinese,1749-16e02541-2385-4752-9fd3-caa3a825b469.6
1,closer/close,Chinese,1749-16e02541-2385-4752-9fd3-caa3a825b469.7
1,further/split,Chinese,1749-16e02541-2385-4752-9fd3-caa3a825b469.8
1,equal/far,Chinese,1749-16e02541-2385-4752-9fd3-caa3a825b469.9
2,equal/far,Chinese,1854-30ed3f48-6261-4e7f-a5bd-77ca1e153da9.1
2,equal/far,Chinese,1854-30ed3f48-6261-4e7f-a5bd-77ca1e153da9.10
3,further/split,Chinese,1854-30ed3f48-6261-4e7f-a5bd-77ca1e153da9.11
2,further/split,Chinese,1854-30ed3f48-6261-4e7f-a5bd-77ca1e153da9.12
4,further/split,Chinese,1854-30ed3f48-6261-4e7f-a5bd-77ca1e153da9.13
1,further/split,Chinese,1854-30ed3f48-6261-4e7f-a5bd-77ca1e153da9.14
1,closer/close,Chinese,1854-30ed3f48-6261-4e7f-a5bd-77ca1e153da9.15
2,closer/close,Chinese,1854-30ed3f48-6261-4e7f-a5bd-77ca1e153da9.16
1,closer/close,Chinese,1854-30ed3f48-6261-4e7f-a5bd-77ca1e153da9.17
1,closer/close,Chinese,1854-30ed3f48-6261-4e7f-a5bd-77ca1e153da9.18
2,equal/far,Chinese,1854-30ed3f48-6261-4e7f-a5bd-77ca1e153da9.19
3,closer/close,Chinese,1854-30ed3f48-6261-4e7f-a5bd-77ca1e153da9.2
1,further/split,Chinese,1854-30ed3f48-6261-4e7f-a5bd-77ca1e153da9.20
1,further/split,Chinese,1854-30ed3f48-6261-4e7f-a5bd-77ca1e153da9.21
4,closer/close,Chinese,1854-30ed3f48-6261-4e7f-a5bd-77ca1e153da9.22
1,equal/far,Chinese,1854-30ed3f48-6261-4e7f-a5bd-77ca1e153da9.23
1,further/split,Chinese,1854-30ed3f48-6261-4e7f-a5bd-77ca1e153da9.24
2,closer/close,Chinese,1854-30ed3f48-6261-4e7f-a5bd-77ca1e153da9.25
4,closer/close,Chinese,1854-30ed3f48-6261-4e7f-a5bd-77ca1e153da9.26
2,further/split,Chinese,1854-30ed3f48-6261-4e7f-a5bd-77ca1e153da9.27
3,further/split,Chinese,1854-30ed3f48-6261-4e7f-a5bd-77ca1e153da9.28
2,further/split,Chinese,1854-30ed3f48-6261-4e7f-a5bd-77ca1e153da9.29
1,closer/close,Chinese,1854-30ed3f48-6261-4e7f-a5bd-77ca1e153da9.3
4,equal/far,Chinese,1854-30ed3f48-6261-4e7f-a5bd-77ca1e153da9.30
1,closer/close,Chinese,1854-30ed3f48-6261-4e7f-a5bd-77ca1e153da9.31
2,further/split,Chinese,1854-30ed3f48-6261-4e7f-a5bd-77ca1e153da9.32
2,closer/close,Chinese,1854-30ed3f48-6261-4e7f-a5bd-77ca1e153da9.33
1,equal/far,Chinese,1854-30ed3f48-6261-4e7f-a5bd-77ca1e153da9.34
1,closer/close,Chinese,1854-30ed3f48-6261-4e7f-a5bd-77ca1e153da9.35
3,equal/far,Chinese,1854-30ed3f48-6261-4e7f-a5bd-77ca1e153da9.36
1,closer/close,Chinese,1854-30ed3f48-6261-4e7f-a5bd-77ca1e153da9.37
1,closer/close,Chinese,1854-30ed3f48-6261-4e7f-a5bd-77ca1e153da9.38
2,further/split,Chinese,1854-30ed3f48-6261-4e7f-a5bd-77ca1e153da9.39
1,equal/far,Chinese,1854-30ed3f48-6261-4e7f-a5bd-77ca1e153da9.4
1,closer/close,Chinese,1854-30ed3f48-6261-4e7f-a5bd-77ca1e153da9.40
2,equal/far,Chinese,1854-30ed3f48-6261-4e7f-a5bd-77ca1e153da9.41
4,equal/far,Chinese,1854-30ed3f48-6261-4e7f-a5bd-77ca1e153da9.42
3,further/split,Chinese,1854-30ed3f48-6261-4e7f-a5bd-77ca1e153da9.43
2,closer/close,Chinese,1854-30ed3f48-6261-4e7f-a5bd-77ca1e153da9.44
1,equal/far,Chinese,1854-30ed3f48-6261-4e7f-a5bd-77ca1e153da9.45
2,further/split,Chinese,1854-30ed3f48-6261-4e7f-a5bd-77ca1e153da9.46
2,equal/far,Chinese,1854-30ed3f48-6261-4e7f-a5bd-77ca1e153da9.47
2,further/split,Chinese,1854-30ed3f48-6261-4e7f-a5bd-77ca1e153da9.48
1,equal/far,Chinese,1854-30ed3f48-6261-4e7f-a5bd-77ca1e153da9.49
5,equal/far,Chinese,1854-30ed3f48-6261-4e7f-a5bd-77ca1e153da9.5
1,equal/far,Chinese,1854-30ed3f48-6261-4e7f-a5bd-77ca1e153da9.50
2,equal/far,Chinese,1854-30ed3f48-6261-4e7f-a5bd-77ca1e153da9.6
1,closer/close,Chinese,1854-30ed3f48-6261-4e7f-a5bd-77ca1e153da9.7
3,further/split,Chinese,1854-30ed3f48-6261-4e7f-a5bd-77ca1e153da9.8
5,equal/far,Chinese,1854-30ed3f48-6261-4e7f-a5bd-77ca1e153da9.9
1,equal/far,Chinese,2292-90a01583-25d1-4d87-a41b-9f772c314d61.1
3,equal/far,Chinese,2292-90a01583-25d1-4d87-a41b-9f772c314d61.10
1,further/split,Chinese,2292-90a01583-25d1-4d87-a41b-9f772c314d61.11
3,further/split,Chinese,2292-90a01583-25d1-4d87-a41b-9f772c314d61.12
3,equal/far,Chinese,2292-90a01583-25d1-4d87-a41b-9f772c314d61.13
1,further/split,Chinese,2292-90a01583-25d1-4d87-a41b-9f772c314d61.14
1,equal/far,Chinese,2292-90a01583-25d1-4d87-a41b-9f772c314d61.15
1,equal/far,Chinese,2292-90a01583-25d1-4d87-a41b-9f772c314d61.16
1,equal/far,Chinese,2292-90a01583-25d1-4d87-a41b-9f772c314d61.17
1,closer/close,Chinese,2292-90a01583-25d1-4d87-a41b-9f772c314d61.18
1,closer/close,Chinese,2292-90a01583-25d1-4d87-a41b-9f772c314d61.19
1,equal/far,Chinese,2292-90a01583-25d1-4d87-a41b-9f772c314d61.2
1,closer/close,Chinese,2292-90a01583-25d1-4d87-a41b-9f772c314d61.20
1,equal/far,Chinese,2292-90a01583-25d1-4d87-a41b-9f772c314d61.21
1,equal/far,Chinese,2292-90a01583-25d1-4d87-a41b-9f772c314d61.22
1,closer/close,Chinese,2292-90a01583-25d1-4d87-a41b-9f772c314d61.23
3,further/split,Chinese,2292-90a01583-25d1-4d87-a41b-9f772c314d61.24
5,further/split,Chinese,2292-90a01583-25d1-4d87-a41b-9f772c314d61.25
4,further/split,Chinese,2292-90a01583-25d1-4d87-a41b-9f772c314d61.26
1,further/split,Chinese,2292-90a01583-25d1-4d87-a41b-9f772c314d61.27
1,closer/close,Chinese,2292-90a01583-25d1-4d87-a41b-9f772c314d61.28
1,further/split,Chinese,2292-90a01583-25d1-4d87-a41b-9f772c314d61.29
1,further/split,Chinese,2292-90a01583-25d1-4d87-a41b-9f772c314d61.3
3,closer/close,Chinese,2292-90a01583-25d1-4d87-a41b-9f772c314d61.30
1,further/split,Chinese,2292-90a01583-25d1-4d87-a41b-9f772c314d61.31
4,closer/close,Chinese,2292-90a01583-25d1-4d87-a41b-9f772c314d61.32
1,closer/close,Chinese,2292-90a01583-25d1-4d87-a41b-9f772c314d61.33
1,closer/close,Chinese,2292-90a01583-25d1-4d87-a41b-9f772c314d61.34
1,equal/far,Chinese,2292-90a01583-25d1-4d87-a41b-9f772c314d61.35
1,further/split,Chinese,2292-90a01583-25d1-4d87-a41b-9f772c314d61.36
1,further/split,Chinese,2292-90a01583-25d1-4d87-a41b-9f772c314d61.37
3,further/split,Chinese,2292-90a01583-25d1-4d87-a41b-9f772c314d61.38
1,closer/close,Chinese,2292-90a01583-25d1-4d87-a41b-9f772c314d61.39
1,closer/close,Chinese,2292-90a01583-25d1-4d87-a41b-9f772c314d61.4
1,further/split,Chinese,2292-90a01583-25d1-4d87-a41b-9f772c314d61.40
1,equal/far,Chinese,2292-90a01583-25d1-4d87-a41b-9f772c314d61.41
1,equal/far,Chinese,2292-90a01583-25d1-4d87-a41b-9f772c314d61.42
3,equal/far,Chinese,2292-90a01583-25d1-4d87-a41b-9f772c314d61.43
1,closer/close,Chinese,2292-90a01583-25d1-4d87-a41b-9f772c314d61.44
1,further/split,Chinese,2292-90a01583-25d1-4d87-a41b-9f772c314d61.45
1,equal/far,Chinese,2292-90a01583-25d1-4d87-a41b-9f772c314d61.46
1,equal/far,Chinese,2292-90a01583-25d1-4d87-a41b-9f772c314d61.47
3,closer/close,Chinese,2292-90a01583-25d1-4d87-a41b-9f772c314d61.48
1,further/split,Chinese,2292-90a01583-25d1-4d87-a41b-9f772c314d61.49
1,closer/close,Chinese,2292-90a01583-25d1-4d87-a41b-9f772c314d61.5
1,closer/close,Chinese,2292-90a01583-25d1-4d87-a41b-9f772c314d61.50
1,equal/far,Chinese,2292-90a01583-25d1-4d87-a41b-9f772c314d61.6
1,equal/far,Chinese,2292-90a01583-25d1-4d87-a41b-9f772c314d61.7
1,closer/close,Chinese,2292-90a01583-25d1-4d87-a41b-9f772c314d61.8
1,further/split,Chinese,2292-90a01583-25d1-4d87-a41b-9f772c314d61.9
1,further/split,Chinese,2511-1a742255-8455-4590-b86b-0952f392f435.1
1,equal/far,Chinese,2807-253d3ab7-b1a1-4a7d-ae7d-7f56c9bf304c.1
1,closer/close,Chinese,2807-253d3ab7-b1a1-4a7d-ae7d-7f56c9bf304c.10
1,equal/far,Chinese,2807-253d3ab7-b1a1-4a7d-ae7d-7f56c9bf304c.11
1,further/split,Chinese,2807-253d3ab7-b1a1-4a7d-ae7d-7f56c9bf304c.12
2,further/split,Chinese,2807-253d3ab7-b1a1-4a7d-ae7d-7f56c9bf304c.13
1,equal/far,Chinese,2807-253d3ab7-b1a1-4a7d-ae7d-7f56c9bf304c.14
1,further/split,Chinese,2807-253d3ab7-b1a1-4a7d-ae7d-7f56c9bf304c.15
1,closer/close,Chinese,2807-253d3ab7-b1a1-4a7d-ae7d-7f56c9bf304c.16
1,equal/far,Chinese,2807-253d3ab7-b1a1-4a7d-ae7d-7f56c9bf304c.17
1,closer/close,Chinese,2807-253d3ab7-b1a1-4a7d-ae7d-7f56c9bf304c.18
1,further/split,Chinese,2807-253d3ab7-b1a1-4a7d-ae7d-7f56c9bf304c.19
1,further/split,Chinese,2807-253d3ab7-b1a1-4a7d-ae7d-7f56c9bf304c.2
1,further/split,Chinese,2807-253d3ab7-b1a1-4a7d-ae7d-7f56c9bf304c.20
1,further/split,Chinese,2807-253d3ab7-b1a1-4a7d-ae7d-7f56c9bf304c.21
1,equal/far,Chinese,2807-253d3ab7-b1a1-4a7d-ae7d-7f56c9bf304c.22
1,further/split,Chinese,2807-253d3ab7-b1a1-4a7d-ae7d-7f56c9bf304c.23
1,closer/close,Chinese,2807-253d3ab7-b1a1-4a7d-ae7d-7f56c9bf304c.24
1,equal/far,Chinese,2807-253d3ab7-b1a1-4a7d-ae7d-7f56c9bf304c.25
2,closer/close,Chinese,2807-253d3ab7-b1a1-4a7d-ae7d-7f56c9bf304c.26
1,further/split,Chinese,2807-253d3ab7-b1a1-4a7d-ae7d-7f56c9bf304c.27
1,closer/close,Chinese,2807-253d3ab7-b1a1-4a7d-ae7d-7f56c9bf304c.28
1,closer/close,Chinese,2807-253d3ab7-b1a1-4a7d-ae7d-7f56c9bf304c.29
1,closer/close,Chinese,2807-253d3ab7-b1a1-4a7d-ae7d-7f56c9bf304c.3
1,equal/far,Chinese,2807-253d3ab7-b1a1-4a7d-ae7d-7f56c9bf304c.30
1,equal/far,Chinese,2807-253d3ab7-b1a1-4a7d-ae7d-7f56c9bf304c.31
1,equal/far,Chinese,2807-253d3ab7-b1a1-4a7d-ae7d-7f56c9bf304c.32
1,equal/far,Chinese,2807-253d3ab7-b1a1-4a7d-ae7d-7f56c9bf304c.33
1,equal/far,Chinese,2807-253d3ab7-b1a1-4a7d-ae7d-7f56c9bf304c.34
1,further/split,Chinese,2807-253d3ab7-b1a1-4a7d-ae7d-7f56c9bf304c.35
1,closer/close,Chinese,2807-253d3ab7-b1a1-4a7d-ae7d-7f56c9bf304c.36
1,closer/close,Chinese,2807-253d3ab7-b1a1-4a7d-ae7d-7f56c9bf304c.37
1,equal/far,Chinese,2807-253d3ab7-b1a1-4a7d-ae7d-7f56c9bf304c.38
2,equal/far,Chinese,2807-253d3ab7-b1a1-4a7d-ae7d-7f56c9bf304c.39
1,equal/far,Chinese,2807-253d3ab7-b1a1-4a7d-ae7d-7f56c9bf304c.4
1,further/split,Chinese,2807-253d3ab7-b1a1-4a7d-ae7d-7f56c9bf304c.40
1,equal/far,Chinese,2807-253d3ab7-b1a1-4a7d-ae7d-7f56c9bf304c.41
1,equal/far,Chinese,2807-253d3ab7-b1a1-4a7d-ae7d-7f56c9bf304c.42
1,closer/close,Chinese,2807-253d3ab7-b1a1-4a7d-ae7d-7f56c9bf304c.43
1,closer/close,Chinese,2807-253d3ab7-b1a1-4a7d-ae7d-7f56c9bf304c.44
1,further/split,Chinese,2807-253d3ab7-b1a1-4a7d-ae7d-7f56c9bf304c.45
1,further/split,Chinese,2807-253d3ab7-b1a1-4a7d-ae7d-7f56c9bf304c.46
1,closer/close,Chinese,2807-253d3ab7-b1a1-4a7d-ae7d-7f56c9bf304c.47
1,closer/close,Chinese,2807-253d3ab7-b1a1-4a7d-ae7d-7f56c9bf304c.48
1,further/split,Chinese,2807-253d3ab7-b1a1-4a7d-ae7d-7f56c9bf304c.49
1,further/split,Chinese,2807-253d3ab7-b1a1-4a7d-ae7d-7f56c9bf304c.5
1,equal/far,Chinese,2807-253d3ab7-b1a1-4a7d-ae7d-7f56c9bf304c.50
1,further/split,Chinese,2807-253d3ab7-b1a1-4a7d-ae7d-7f56c9bf304c.6
1,closer/close,Chinese,2807-253d3ab7-b1a1-4a7d-ae7d-7f56c9bf304c.7
1,closer/close,Chinese,2807-253d3ab7-b1a1-4a7d-ae7d-7f56c9bf304c.8
1,further/split,Chinese,2807-253d3ab7-b1a1-4a7d-ae7d-7f56c9bf304c.9
2,further/split,Chinese,3072-43fc98e0-fd3d-477a-81e2-7cb16e7bbb0f.1
1,equal/far,Chinese,3072-43fc98e0-fd3d-477a-81e2-7cb16e7bbb0f.10
1,closer/close,Chinese,3072-43fc98e0-fd3d-477a-81e2-7cb16e7bbb0f.11
1,closer/close,Chinese,3072-43fc98e0-fd3d-477a-81e2-7cb16e7bbb0f.12
1,equal/far,Chinese,3072-43fc98e0-fd3d-477a-81e2-7cb16e7bbb0f.13
1,closer/close,Chinese,3072-43fc98e0-fd3d-477a-81e2-7cb16e7bbb0f.14
1,closer/close,Chinese,3072-43fc98e0-fd3d-477a-81e2-7cb16e7bbb0f.15
1,equal/far,Chinese,3072-43fc98e0-fd3d-477a-81e2-7cb16e7bbb0f.16
1,equal/far,Chinese,3072-43fc98e0-fd3d-477a-81e2-7cb16e7bbb0f.17
1,further/split,Chinese,3072-43fc98e0-fd3d-477a-81e2-7cb16e7bbb0f.18
1,further/split,Chinese,3072-43fc98e0-fd3d-477a-81e2-7cb16e7bbb0f.19
1,closer/close,Chinese,3072-43fc98e0-fd3d-477a-81e2-7cb16e7bbb0f.2
1,further/split,Chinese,3072-43fc98e0-fd3d-477a-81e2-7cb16e7bbb0f.20
1,closer/close,Chinese,3072-43fc98e0-fd3d-477a-81e2-7cb16e7bbb0f.21
1,equal/far,Chinese,3072-43fc98e0-fd3d-477a-81e2-7cb16e7bbb0f.22
1,further/split,Chinese,3072-43fc98e0-fd3d-477a-81e2-7cb16e7bbb0f.23
1,closer/close,Chinese,3072-43fc98e0-fd3d-477a-81e2-7cb16e7bbb0f.24
1,equal/far,Chinese,3072-43fc98e0-fd3d-477a-81e2-7cb16e7bbb0f.25
1,further/split,Chinese,3072-43fc98e0-fd3d-477a-81e2-7cb16e7bbb0f.26
1,equal/far,Chinese,3072-43fc98e0-fd3d-477a-81e2-7cb16e7bbb0f.27
1,equal/far,Chinese,3072-43fc98e0-fd3d-477a-81e2-7cb16e7bbb0f.28
1,equal/far,Chinese,3072-43fc98e0-fd3d-477a-81e2-7cb16e7bbb0f.29
1,further/split,Chinese,3072-43fc98e0-fd3d-477a-81e2-7cb16e7bbb0f.3
1,closer/close,Chinese,3072-43fc98e0-fd3d-477a-81e2-7cb16e7bbb0f.30
1,further/split,Chinese,3072-43fc98e0-fd3d-477a-81e2-7cb16e7bbb0f.31
1,closer/close,Chinese,3072-43fc98e0-fd3d-477a-81e2-7cb16e7bbb0f.32
1,equal/far,Chinese,3072-43fc98e0-fd3d-477a-81e2-7cb16e7bbb0f.33
1,further/split,Chinese,3072-43fc98e0-fd3d-477a-81e2-7cb16e7bbb0f.34
1,further/split,Chinese,3072-43fc98e0-fd3d-477a-81e2-7cb16e7bbb0f.35
1,closer/close,Chinese,3072-43fc98e0-fd3d-477a-81e2-7cb16e7bbb0f.36
1,closer/close,Chinese,3072-43fc98e0-fd3d-477a-81e2-7cb16e7bbb0f.37
1,closer/close,Chinese,3072-43fc98e0-fd3d-477a-81e2-7cb16e7bbb0f.38
1,further/split,Chinese,3072-43fc98e0-fd3d-477a-81e2-7cb16e7bbb0f.39
1,equal/far,Chinese,3072-43fc98e0-fd3d-477a-81e2-7cb16e7bbb0f.4
1,equal/far,Chinese,3072-43fc98e0-fd3d-477a-81e2-7cb16e7bbb0f.40
1,equal/far,Chinese,3072-43fc98e0-fd3d-477a-81e2-7cb16e7bbb0f.41
1,closer/close,Chinese,3072-43fc98e0-fd3d-477a-81e2-7cb16e7bbb0f.42
1,equal/far,Chinese,3072-43fc98e0-fd3d-477a-81e2-7cb16e7bbb0f.43
1,closer/close,Chinese,3072-43fc98e0-fd3d-477a-81e2-7cb16e7bbb0f.44
1,equal/far,Chinese,3072-43fc98e0-fd3d-477a-81e2-7cb16e7bbb0f.45
1,closer/close,Chinese,3072-43fc98e0-fd3d-477a-81e2-7cb16e7bbb0f.46
1,equal/far,Chinese,3072-43fc98e0-fd3d-477a-81e2-7cb16e7bbb0f.47
1,equal/far,Chinese,3072-43fc98e0-fd3d-477a-81e2-7cb16e7bbb0f.48
2,further/split,Chinese,3072-43fc98e0-fd3d-477a-81e2-7cb16e7bbb0f.49
1,further/split,Chinese,3072-43fc98e0-fd3d-477a-81e2-7cb16e7bbb0f.5
1,closer/close,Chinese,3072-43fc98e0-fd3d-477a-81e2-7cb16e7bbb0f.50
1,closer/close,Chinese,3072-43fc98e0-fd3d-477a-81e2-7cb16e7bbb0f.6
1,further/split,Chinese,3072-43fc98e0-fd3d-477a-81e2-7cb16e7bbb0f.7
1,further/split,Chinese,3072-43fc98e0-fd3d-477a-81e2-7cb16e7bbb0f.8
1,further/split,Chinese,3072-43fc98e0-fd3d-477a-81e2-7cb16e7bbb0f.9
4,closer/close,Chinese,3483-9f9e9390-b615-4b9f-89ae-24168280b1ac.1
1,equal/far,Chinese,3483-9f9e9390-b615-4b9f-89ae-24168280b1ac.10
3,further/split,Chinese,3483-9f9e9390-b615-4b9f-89ae-24168280b1ac.11
1,further/split,Chinese,3483-9f9e9390-b615-4b9f-89ae-24168280b1ac.12
2,closer/close,Chinese,3483-9f9e9390-b615-4b9f-89ae-24168280b1ac.13
1,further/split,Chinese,3483-9f9e9390-b615-4b9f-89ae-24168280b1ac.14
1,closer/close,Chinese,3483-9f9e9390-b615-4b9f-89ae-24168280b1ac.15
2,equal/far,Chinese,3483-9f9e9390-b615-4b9f-89ae-24168280b1ac.16
2,further/split,Chinese,3483-9f9e9390-b615-4b9f-89ae-24168280b1ac.17
3,equal/far,Chinese,3483-9f9e9390-b615-4b9f-89ae-24168280b1ac.18
1,equal/far,Chinese,3483-9f9e9390-b615-4b9f-89ae-24168280b1ac.19
1,further/split,Chinese,3483-9f9e9390-b615-4b9f-89ae-24168280b1ac.2
1,closer/close,Chinese,3483-9f9e9390-b615-4b9f-89ae-24168280b1ac.20
1,equal/far,Chinese,3483-9f9e9390-b615-4b9f-89ae-24168280b1ac.21
1,equal/far,Chinese,3483-9f9e9390-b615-4b9f-89ae-24168280b1ac.22
1,further/split,Chinese,3483-9f9e9390-b615-4b9f-89ae-24168280b1ac.23
1,equal/far,Chinese,3483-9f9e9390-b615-4b9f-89ae-24168280b1ac.24
1,further/split,Chinese,3483-9f9e9390-b615-4b9f-89ae-24168280b1ac.25
4,closer/close,Chinese,3483-9f9e9390-b615-4b9f-89ae-24168280b1ac.26
2,equal/far,Chinese,3483-9f9e9390-b615-4b9f-89ae-24168280b1ac.27
1,further/split,Chinese,3483-9f9e9390-b615-4b9f-89ae-24168280b1ac.28
1,further/split,Chinese,3483-9f9e9390-b615-4b9f-89ae-24168280b1ac.29
1,equal/far,Chinese,3483-9f9e9390-b615-4b9f-89ae-24168280b1ac.3
3,further/split,Chinese,3483-9f9e9390-b615-4b9f-89ae-24168280b1ac.30
1,equal/far,Chinese,3483-9f9e9390-b615-4b9f-89ae-24168280b1ac.31
3,closer/close,Chinese,3483-9f9e9390-b615-4b9f-89ae-24168280b1ac.32
1,closer/close,Chinese,3483-9f9e9390-b615-4b9f-89ae-24168280b1ac.33
1,closer/close,Chinese,3483-9f9e9390-b615-4b9f-89ae-24168280b1ac.34
1,closer/close,Chinese,3483-9f9e9390-b615-4b9f-89ae-24168280b1ac.35
2,closer/close,Chinese,3483-9f9e9390-b615-4b9f-89ae-24168280b1ac.36
1,further/split,Chinese,3483-9f9e9390-b615-4b9f-89ae-24168280b1ac.37
1,equal/far,Chinese,3483-9f9e9390-b615-4b9f-89ae-24168280b1ac.38
1,equal/far,Chinese,3483-9f9e9390-b615-4b9f-89ae-24168280b1ac.39
3,further/split,Chinese,3483-9f9e9390-b615-4b9f-89ae-24168280b1ac.4
2,equal/far,Chinese,3483-9f9e9390-b615-4b9f-89ae-24168280b1ac.40
1,closer/close,Chinese,3483-9f9e9390-b615-4b9f-89ae-24168280b1ac.41
1,closer/close,Chinese,3483-9f9e9390-b615-4b9f-89ae-24168280b1ac.42
1,further/split,Chinese,3483-9f9e9390-b615-4b9f-89ae-24168280b1ac.43
1,equal/far,Chinese,3483-9f9e9390-b615-4b9f-89ae-24168280b1ac.44
1,further/split,Chinese,3483-9f9e9390-b615-4b9f-89ae-24168280b1ac.45
1,closer/close,Chinese,3483-9f9e9390-b615-4b9f-89ae-24168280b1ac.46
1,further/split,Chinese,3483-9f9e9390-b615-4b9f-89ae-24168280b1ac.47
3,equal/far,Chinese,3483-9f9e9390-b615-4b9f-89ae-24168280b1ac.48
1,closer/close,Chinese,3483-9f9e9390-b615-4b9f-89ae-24168280b1ac.49
2,closer/close,Chinese,3483-9f9e9390-b615-4b9f-89ae-24168280b1ac.5
4,closer/close,Chinese,3483-9f9e9390-b615-4b9f-89ae-24168280b1ac.50
1,equal/far,Chinese,3483-9f9e9390-b615-4b9f-89ae-24168280b1ac.6
1,further/split,Chinese,3483-9f9e9390-b615-4b9f-89ae-24168280b1ac.7
1,closer/close,Chinese,3483-9f9e9390-b615-4b9f-89ae-24168280b1ac.8
1,equal/far,Chinese,3483-9f9e9390-b615-4b9f-89ae-24168280b1ac.9
5,equal/far,Chinese,3788-192abb49-7bda-42f2-bc4b-f5b2edf1b011.1
3,closer/close,Chinese,3788-192abb49-7bda-42f2-bc4b-f5b2edf1b011.10
6,equal/far,Chinese,3788-192abb49-7bda-42f2-bc4b-f5b2edf1b011.11
1,further/split,Chinese,3788-192abb49-7bda-42f2-bc4b-f5b2edf1b011.12
2,equal/far,Chinese,3788-192abb49-7bda-42f2-bc4b-f5b2edf1b011.13
5,equal/far,Chinese,3788-192abb49-7bda-42f2-bc4b-f5b2edf1b011.14
3,further/split,Chinese,3788-192abb49-7bda-42f2-bc4b-f5b2edf1b011.15
1,further/split,Chinese,3788-192abb49-7bda-42f2-bc4b-f5b2edf1b011.16
3,closer/close,Chinese,3788-192abb49-7bda-42f2-bc4b-f5b2edf1b011.17
1,equal/far,Chinese,3788-192abb49-7bda-42f2-bc4b-f5b2edf1b011.18
1,further/split,Chinese,3788-192abb49-7bda-42f2-bc4b-f5b2edf1b011.19
1,equal/far,Chinese,3788-192abb49-7bda-42f2-bc4b-f5b2edf1b011.2
1,further/split,Chinese,3788-192abb49-7bda-42f2-bc4b-f5b2edf1b011.20
1,equal/far,Chinese,3788-192abb49-7bda-42f2-bc4b-f5b2edf1b011.21
1,further/split,Chinese,3788-192abb49-7bda-42f2-bc4b-f5b2edf1b011.22
1,closer/close,Chinese,3788-192abb49-7bda-42f2-bc4b-f5b2edf1b011.23
1,closer/close,Chinese,3788-192abb49-7bda-42f2-bc4b-f5b2edf1b011.24
3,closer/close,Chinese,3788-192abb49-7bda-42f2-bc4b-f5b2edf1b011.25
1,equal/far,Chinese,3788-192abb49-7bda-42f2-bc4b-f5b2edf1b011.26
1,closer/close,Chinese,3788-192abb49-7bda-42f2-bc4b-f5b2edf1b011.27
1,further/split,Chinese,3788-192abb49-7bda-42f2-bc4b-f5b2edf1b011.28
1,closer/close,Chinese,3788-192abb49-7bda-42f2-bc4b-f5b2edf1b011.29
1,further/split,Chinese,3788-192abb49-7bda-42f2-bc4b-f5b2edf1b011.3
1,further/split,Chinese,3788-192abb49-7bda-42f2-bc4b-f5b2edf1b011.30
1,further/split,Chinese,3788-192abb49-7bda-42f2-bc4b-f5b2edf1b011.31
1,further/split,Chinese,3788-192abb49-7bda-42f2-bc4b-f5b2edf1b011.32
1,further/split,Chinese,3788-192abb49-7bda-42f2-bc4b-f5b2edf1b011.33
1,further/split,Chinese,3788-192abb49-7bda-42f2-bc4b-f5b2edf1b011.34
1,equal/far,Chinese,3788-192abb49-7bda-42f2-bc4b-f5b2edf1b011.35
1,equal/far,Chinese,3788-192abb49-7bda-42f2-bc4b-f5b2edf1b011.36
1,equal/far,Chinese,3788-192abb49-7bda-42f2-bc4b-f5b2edf1b011.37
1,closer/close,Chinese,3788-192abb49-7bda-42f2-bc4b-f5b2edf1b011.38
1,closer/close,Chinese,3788-192abb49-7bda-42f2-bc4b-f5b2edf1b011.39
7,closer/close,Chinese,3788-192abb49-7bda-42f2-bc4b-f5b2edf1b011.4
1,further/split,Chinese,3788-192abb49-7bda-42f2-bc4b-f5b2edf1b011.40
1,closer/close,Chinese,3788-192abb49-7bda-42f2-bc4b-f5b2edf1b011.41
1,equal/far,Chinese,3788-192abb49-7bda-42f2-bc4b-f5b2edf1b011.42
1,closer/close,Chinese,3788-192abb49-7bda-42f2-bc4b-f5b2edf1b011.43
1,closer/close,Chinese,3788-192abb49-7bda-42f2-bc4b-f5b2edf1b011.44
1,equal/far,Chinese,3788-192abb49-7bda-42f2-bc4b-f5b2edf1b011.45
1,equal/far,Chinese,3788-192abb49-7bda-42f2-bc4b-f5b2edf1b011.46
1,closer/close,Chinese,3788-192abb49-7bda-42f2-bc4b-f5b2edf1b011.47
1,closer/close,Chinese,3788-192abb49-7bda-42f2-bc4b-f5b2edf1b011.48
2,closer/close,Chinese,3788-192abb49-7bda-42f2-bc4b-f5b2edf1b011.49
1,equal/far,Chinese,3788-192abb49-7bda-42f2-bc4b-f5b2edf1b011.5
1,further/split,Chinese,3788-192abb49-7bda-42f2-bc4b-f5b2edf1b011.50
1,closer/close,Chinese,3788-192abb49-7bda-42f2-bc4b-f5b2edf1b011.6
1,further/split,Chinese,3788-192abb49-7bda-42f2-bc4b-f5b2edf1b011.7
1,equal/far,Chinese,3788-192abb49-7bda-42f2-bc4b-f5b2edf1b011.8
1,equal/far,Chinese,3788-192abb49-7bda-42f2-bc4b-f5b2edf1b011.9
1,further/split,Chinese,3805-18ed9ae4-fb5e-4a4b-868c-49cf662540d2.1
1,equal/far,Chinese,3805-18ed9ae4-fb5e-4a4b-868c-49cf662540d2.2
1,closer/close,Chinese,3805-18ed9ae4-fb5e-4a4b-868c-49cf662540d2.3
1,equal/far,Chinese,3805-18ed9ae4-fb5e-4a4b-868c-49cf662540d2.4
1,equal/far,Chinese,3805-18ed9ae4-fb5e-4a4b-868c-49cf662540d2.5
1,equal/far,Chinese,3805-18ed9ae4-fb5e-4a4b-868c-49cf662540d2.6
1,further/split,Chinese,3805-18ed9ae4-fb5e-4a4b-868c-49cf662540d2.7
1,closer/close,Chinese,3805-18ed9ae4-fb5e-4a4b-868c-49cf662540d2.8
5,closer/close,Chinese,3842-59433277-9f89-4c62-912e-6a1736577c31.1
10,equal/far,Chinese,3842-59433277-9f89-4c62-912e-6a1736577c31.10
1,equal/far,Chinese,3842-59433277-9f89-4c62-912e-6a1736577c31.11
1,further/split,Chinese,3842-59433277-9f89-4c62-912e-6a1736577c31.12
1,equal/far,Chinese,3842-59433277-9f89-4c62-912e-6a1736577c31.13
1,closer/close,Chinese,3842-59433277-9f89-4c62-912e-6a1736577c31.14
2,further/split,Chinese,3842-59433277-9f89-4c62-912e-6a1736577c31.15
4,closer/close,Chinese,3842-59433277-9f89-4c62-912e-6a1736577c31.16
3,closer/close,Chinese,3842-59433277-9f89-4c62-912e-6a1736577c31.17
1,closer/close,Chinese,3842-59433277-9f89-4c62-912e-6a1736577c31.18
1,further/split,Chinese,3842-59433277-9f89-4c62-912e-6a1736577c31.19
1,further/split,Chinese,3842-59433277-9f89-4c62-912e-6a1736577c31.2
1,closer/close,Chinese,3842-59433277-9f89-4c62-912e-6a1736577c31.20
1,further/split,Chinese,3842-59433277-9f89-4c62-912e-6a1736577c31.21
1,further/split,Chinese,3842-59433277-9f89-4c62-912e-6a1736577c31.22
33,equal/far,Chinese,3842-59433277-9f89-4c62-912e-6a1736577c31.23
1,further/split,Chinese,3842-59433277-9f89-4c62-912e-6a1736577c31.24
1,equal/far,Chinese,3842-59433277-9f89-4c62-912e-6a1736577c31.25
3,further/split,Chinese,3842-59433277-9f89-4c62-912e-6a1736577c31.26
1,closer/close,Chinese,3842-59433277-9f89-4c62-912e-6a1736577c31.27
1,equal/far,Chinese,3842-59433277-9f89-4c62-912e-6a1736577c31.28
2,further/split,Chinese,3842-59433277-9f89-4c62-912e-6a1736577c31.29
4,equal/far,Chinese,3842-59433277-9f89-4c62-912e-6a1736577c31.3
4,closer/close,Chinese,3842-59433277-9f89-4c62-912e-6a1736577c31.30
1,closer/close,Chinese,3842-59433277-9f89-4c62-912e-6a1736577c31.31
1,closer/close,Chinese,3842-59433277-9f89-4c62-912e-6a1736577c31.32
1,equal/far,Chinese,3842-59433277-9f89-4c62-912e-6a1736577c31.33
1,equal/far,Chinese,3842-59433277-9f89-4c62-912e-6a1736577c31.34
1,further/split,Chinese,3842-59433277-9f89-4c62-912e-6a1736577c31.35
1,further/split,Chinese,3842-59433277-9f89-4c62-912e-6a1736577c31.36
1,further/split,Chinese,3842-59433277-9f89-4c62-912e-6a1736577c31.37
1,equal/far,Chinese,3842-59433277-9f89-4c62-912e-6a1736577c31.38
5,closer/close,Chinese,3842-59433277-9f89-4c62-912e-6a1736577c31.39
1,equal/far,Chinese,3842-59433277-9f89-4c62-912e-6a1736577c31.4
11,equal/far,Chinese,3842-59433277-9f89-4c62-912e-6a1736577c31.40
1,further/split,Chinese,3842-59433277-9f89-4c62-912e-6a1736577c31.41
1,closer/close,Chinese,3842-59433277-9f89-4c62-912e-6a1736577c31.42
1,closer/close,Chinese,3842-59433277-9f89-4c62-912e-6a1736577c31.43
1,closer/close,Chinese,3842-59433277-9f89-4c62-912e-6a1736577c31.44
1,equal/far,Chinese,3842-59433277-9f89-4c62-912e-6a1736577c31.45
1,closer/close,Chinese,3842-59433277-9f89-4c62-912e-6a1736577c31.46
1,further/split,Chinese,3842-59433277-9f89-4c62-912e-6a1736577c31.47
1,equal/far,Chinese,3842-59433277-9f89-4c62-912e-6a1736577c31.48
1,equal/far,Chinese,3842-59433277-9f89-4c62-912e-6a1736577c31.49
1,further/split,Chinese,3842-59433277-9f89-4c62-912e-6a1736577c31.5
1,further/split,Chinese,3842-59433277-9f89-4c62-912e-6a1736577c31.50
1,equal/far,Chinese,3842-59433277-9f89-4c62-912e-6a1736577c31.6
4,equal/far,Chinese,3842-59433277-9f89-4c62-912e-6a1736577c31.7
3,further/split,Chinese,3842-59433277-9f89-4c62-912e-6a1736577c31.8
1,closer/close,Chinese,3842-59433277-9f89-4c62-912e-6a1736577c31.9
1,equal/far,Chinese,4286-9e734173-eddb-47a8-b78f-bad48cfe5449.1
1,further/split,Chinese,4286-9e734173-eddb-47a8-b78f-bad48cfe5449.10
2,closer/close,Chinese,4286-9e734173-eddb-47a8-b78f-bad48cfe5449.11
1,further/split,Chinese,4286-9e734173-eddb-47a8-b78f-bad48cfe5449.12
1,further/split,Chinese,4286-9e734173-eddb-47a8-b78f-bad48cfe5449.13
1,closer/close,Chinese,4286-9e734173-eddb-47a8-b78f-bad48cfe5449.14
1,equal/far,Chinese,4286-9e734173-eddb-47a8-b78f-bad48cfe5449.15
1,equal/far,Chinese,4286-9e734173-eddb-47a8-b78f-bad48cfe5449.16
1,further/split,Chinese,4286-9e734173-eddb-47a8-b78f-bad48cfe5449.17
2,further/split,Chinese,4286-9e734173-eddb-47a8-b78f-bad48cfe5449.18
1,further/split,Chinese,4286-9e734173-eddb-47a8-b78f-bad48cfe5449.19
1,equal/far,Chinese,4286-9e734173-eddb-47a8-b78f-bad48cfe5449.2
1,equal/far,Chinese,4286-9e734173-eddb-47a8-b78f-bad48cfe5449.20
1,further/split,Chinese,4286-9e734173-eddb-47a8-b78f-bad48cfe5449.21
1,equal/far,Chinese,4286-9e734173-eddb-47a8-b78f-bad48cfe5449.22
1,closer/close,Chinese,4286-9e734173-eddb-47a8-b78f-bad48cfe5449.23
2,further/split,Chinese,4286-9e734173-eddb-47a8-b78f-bad48cfe5449.24
1,further/split,Chinese,4286-9e734173-eddb-47a8-b78f-bad48cfe5449.25
1,closer/close,Chinese,4286-9e734173-eddb-47a8-b78f-bad48cfe5449.26
4,further/split,Chinese,4286-9e734173-eddb-47a8-b78f-bad48cfe5449.27
3,closer/close,Chinese,4286-9e734173-eddb-47a8-b78f-bad48cfe5449.28
7,further/split,Chinese,4286-9e734173-eddb-47a8-b78f-bad48cfe5449.29
1,equal/far,Chinese,4286-9e734173-eddb-47a8-b78f-bad48cfe5449.3
1,further/split,Chinese,4286-9e734173-eddb-47a8-b78f-bad48cfe5449.30
3,further/split,Chinese,4286-9e734173-eddb-47a8-b78f-bad48cfe5449.31
2,closer/close,Chinese,4286-9e734173-eddb-47a8-b78f-bad48cfe5449.32
3,closer/close,Chinese,4286-9e734173-eddb-47a8-b78f-bad48cfe5449.33
1,further/split,Chinese,4286-9e734173-eddb-47a8-b78f-bad48cfe5449.34
1,equal/far,Chinese,4286-9e734173-eddb-47a8-b78f-bad48cfe5449.35
1,equal/far,Chinese,4286-9e734173-eddb-47a8-b78f-bad48cfe5449.36
1,equal/far,Chinese,4286-9e734173-eddb-47a8-b78f-bad48cfe5449.37
1,equal/far,Chinese,4286-9e734173-eddb-47a8-b78f-bad48cfe5449.38
1,further/split,Chinese,4286-9e734173-eddb-47a8-b78f-bad48cfe5449.39
2,equal/far,Chinese,4286-9e734173-eddb-47a8-b78f-bad48cfe5449.4
2,further/split,Chinese,4286-9e734173-eddb-47a8-b78f-bad48cfe5449.40
1,closer/close,Chinese,4286-9e734173-eddb-47a8-b78f-bad48cfe5449.41
2,equal/far,Chinese,4286-9e734173-eddb-47a8-b78f-bad48cfe5449.42
1,closer/close,Chinese,4286-9e734173-eddb-47a8-b78f-bad48cfe5449.43
3,closer/close,Chinese,4286-9e734173-eddb-47a8-b78f-bad48cfe5449.44
5,closer/close,Chinese,4286-9e734173-eddb-47a8-b78f-bad48cfe5449.45
1,equal/far,Chinese,4286-9e734173-eddb-47a8-b78f-bad48cfe5449.46
1,closer/close,Chinese,4286-9e734173-eddb-47a8-b78f-bad48cfe5449.47
1,closer/close,Chinese,4286-9e734173-eddb-47a8-b78f-bad48cfe5449.48
1,closer/close,Chinese,4286-9e734173-eddb-47a8-b78f-bad48cfe5449.49
1,equal/far,Chinese,4286-9e734173-eddb-47a8-b78f-bad48cfe5449.5
1,equal/far,Chinese,4286-9e734173-eddb-47a8-b78f-bad48cfe5449.50
1,closer/close,Chinese,4286-9e734173-eddb-47a8-b78f-bad48cfe5449.6
1,closer/close,Chinese,4286-9e734173-eddb-47a8-b78f-bad48cfe5449.7
2,closer/close,Chinese,4286-9e734173-eddb-47a8-b78f-bad48cfe5449.8
1,further/split,Chinese,4286-9e734173-eddb-47a8-b78f-bad48cfe5449.9
3,further/split,Chinese,4304-0a6471c9-b6e3-4df3-9257-13c0310185d6.1
1,equal/far,Chinese,4304-0a6471c9-b6e3-4df3-9257-13c0310185d6.10
1,equal/far,Chinese,4304-0a6471c9-b6e3-4df3-9257-13c0310185d6.11
1,equal/far,Chinese,4304-0a6471c9-b6e3-4df3-9257-13c0310185d6.12
1,further/split,Chinese,4304-0a6471c9-b6e3-4df3-9257-13c0310185d6.13
1,equal/far,Chinese,4304-0a6471c9-b6e3-4df3-9257-13c0310185d6.14
4,further/split,Chinese,4304-0a6471c9-b6e3-4df3-9257-13c0310185d6.15
6,closer/close,Chinese,4304-0a6471c9-b6e3-4df3-9257-13c0310185d6.16
5,further/split,Chinese,4304-0a6471c9-b6e3-4df3-9257-13c0310185d6.17
4,closer/close,Chinese,4304-0a6471c9-b6e3-4df3-9257-13c0310185d6.18
3,equal/far,Chinese,4304-0a6471c9-b6e3-4df3-9257-13c0310185d6.19
1,further/split,Chinese,4304-0a6471c9-b6e3-4df3-9257-13c0310185d6.2
1,further/split,Chinese,4304-0a6471c9-b6e3-4df3-9257-13c0310185d6.20
2,closer/close,Chinese,4304-0a6471c9-b6e3-4df3-9257-13c0310185d6.21
1,further/split,Chinese,4304-0a6471c9-b6e3-4df3-9257-13c0310185d6.22
1,closer/close,Chinese,4304-0a6471c9-b6e3-4df3-9257-13c0310185d6.23
1,equal/far,Chinese,4304-0a6471c9-b6e3-4df3-9257-13c0310185d6.24
1,further/split,Chinese,4304-0a6471c9-b6e3-4df3-9257-13c0310185d6.25
1,further/split,Chinese,4304-0a6471c9-b6e3-4df3-9257-13c0310185d6.26
1,equal/far,Chinese,4304-0a6471c9-b6e3-4df3-9257-13c0310185d6.27
1,closer/close,Chinese,4304-0a6471c9-b6e3-4df3-9257-13c0310185d6.28
1,equal/far,Chinese,4304-0a6471c9-b6e3-4df3-9257-13c0310185d6.29
1,closer/close,Chinese,4304-0a6471c9-b6e3-4df3-9257-13c0310185d6.3
5,closer/close,Chinese,4304-0a6471c9-b6e3-4df3-9257-13c0310185d6.30
2,equal/far,Chinese,4304-0a6471c9-b6e3-4df3-9257-13c0310185d6.31
1,equal/far,Chinese,4304-0a6471c9-b6e3-4df3-9257-13c0310185d6.32
1,further/split,Chinese,4304-0a6471c9-b6e3-4df3-9257-13c0310185d6.33
1,equal/far,Chinese,4304-0a6471c9-b6e3-4df3-9257-13c0310185d6.34
1,further/split,Chinese,4304-0a6471c9-b6e3-4df3-9257-13c0310185d6.35
3,closer/close,Chinese,4304-0a6471c9-b6e3-4df3-9257-13c0310185d6.36
3,further/split,Chinese,4304-0a6471c9-b6e3-4df3-9257-13c0310185d6.37
1,closer/close,Chinese,4304-0a6471c9-b6e3-4df3-9257-13c0310185d6.38
1,closer/close,Chinese,4304-0a6471c9-b6e3-4df3-9257-13c0310185d6.39
1,closer/close,Chinese,4304-0a6471c9-b6e3-4df3-9257-13c0310185d6.4
1,further/split,Chinese,4304-0a6471c9-b6e3-4df3-9257-13c0310185d6.40
1,closer/close,Chinese,4304-0a6471c9-b6e3-4df3-9257-13c0310185d6.41
1,further/split,Chinese,4304-0a6471c9-b6e3-4df3-9257-13c0310185d6.42
1,equal/far,Chinese,4304-0a6471c9-b6e3-4df3-9257-13c0310185d6.43
3,further/split,Chinese,4304-0a6471c9-b6e3-4df3-9257-13c0310185d6.44
4,closer/close,Chinese,4304-0a6471c9-b6e3-4df3-9257-13c0310185d6.45
1,closer/close,Chinese,4304-0a6471c9-b6e3-4df3-9257-13c0310185d6.46
1,further/split,Chinese,4304-0a6471c9-b6e3-4df3-9257-13c0310185d6.47
1,equal/far,Chinese,4304-0a6471c9-b6e3-4df3-9257-13c0310185d6.48
2,closer/close,Chinese,4304-0a6471c9-b6e3-4df3-9257-13c0310185d6.49
2,closer/close,Chinese,4304-0a6471c9-b6e3-4df3-9257-13c0310185d6.5
1,closer/close,Chinese,4304-0a6471c9-b6e3-4df3-9257-13c0310185d6.50
3,equal/far,Chinese,4304-0a6471c9-b6e3-4df3-9257-13c0310185d6.6
2,further/split,Chinese,4304-0a6471c9-b6e3-4df3-9257-13c0310185d6.7
1,equal/far,Chinese,4304-0a6471c9-b6e3-4df3-9257-13c0310185d6.8
1,equal/far,Chinese,4304-0a6471c9-b6e3-4df3-9257-13c0310185d6.9
1,closer/close,Chinese,4589-16534f5f-ea0d-49f5-bf6a-184157da4c79.1
1,equal/far,Chinese,4589-16534f5f-ea0d-49f5-bf6a-184157da4c79.10
1,further/split,Chinese,4589-16534f5f-ea0d-49f5-bf6a-184157da4c79.11
1,further/split,Chinese,4589-16534f5f-ea0d-49f5-bf6a-184157da4c79.12
1,equal/far,Chinese,4589-16534f5f-ea0d-49f5-bf6a-184157da4c79.13
1,equal/far,Chinese,4589-16534f5f-ea0d-49f5-bf6a-184157da4c79.14
1,equal/far,Chinese,4589-16534f5f-ea0d-49f5-bf6a-184157da4c79.15
1,closer/close,Chinese,4589-16534f5f-ea0d-49f5-bf6a-184157da4c79.16
1,closer/close,Chinese,4589-16534f5f-ea0d-49f5-bf6a-184157da4c79.17
1,further/split,Chinese,4589-16534f5f-ea0d-49f5-bf6a-184157da4c79.18
1,equal/far,Chinese,4589-16534f5f-ea0d-49f5-bf6a-184157da4c79.19
1,further/split,Chinese,4589-16534f5f-ea0d-49f5-bf6a-184157da4c79.2
1,equal/far,Chinese,4589-16534f5f-ea0d-49f5-bf6a-184157da4c79.20
1,further/split,Chinese,4589-16534f5f-ea0d-49f5-bf6a-184157da4c79.21
1,further/split,Chinese,4589-16534f5f-ea0d-49f5-bf6a-184157da4c79.22
1,further/split,Chinese,4589-16534f5f-ea0d-49f5-bf6a-184157da4c79.23
1,further/split,Chinese,4589-16534f5f-ea0d-49f5-bf6a-184157da4c79.24
1,further/split,Chinese,4589-16534f5f-ea0d-49f5-bf6a-184157da4c79.25
1,closer/close,Chinese,4589-16534f5f-ea0d-49f5-bf6a-184157da4c79.26
1,equal/far,Chinese,4589-16534f5f-ea0d-49f5-bf6a-184157da4c79.27
1,equal/far,Chinese,4589-16534f5f-ea0d-49f5-bf6a-184157da4c79.28
1,equal/far,Chinese,4589-16534f5f-ea0d-49f5-bf6a-184157da4c79.29
1,equal/far,Chinese,4589-16534f5f-ea0d-49f5-bf6a-184157da4c79.3
1,closer/close,Chinese,4589-16534f5f-ea0d-49f5-bf6a-184157da4c79.30
1,further/split,Chinese,4589-16534f5f-ea0d-49f5-bf6a-184157da4c79.31
1,closer/close,Chinese,4589-16534f5f-ea0d-49f5-bf6a-184157da4c79.32
1,closer/close,Chinese,4589-16534f5f-ea0d-49f5-bf6a-184157da4c79.33
1,closer/close,Chinese,4589-16534f5f-ea0d-49f5-bf6a-184157da4c79.34
1,closer/close,Chinese,4589-16534f5f-ea0d-49f5-bf6a-184157da4c79.35
1,closer/close,Chinese,4589-16534f5f-ea0d-49f5-bf6a-184157da4c79.36
1,equal/far,Chinese,4589-16534f5f-ea0d-49f5-bf6a-184157da4c79.37
1,closer/close,Chinese,4589-16534f5f-ea0d-49f5-bf6a-184157da4c79.38
1,further/split,Chinese,4589-16534f5f-ea0d-49f5-bf6a-184157da4c79.39
1,closer/close,Chinese,4589-16534f5f-ea0d-49f5-bf6a-184157da4c79.4
1,closer/close,Chinese,4589-16534f5f-ea0d-49f5-bf6a-184157da4c79.40
1,further/split,Chinese,4589-16534f5f-ea0d-49f5-bf6a-184157da4c79.41
1,equal/far,Chinese,4589-16534f5f-ea0d-49f5-bf6a-184157da4c79.42
1,further/split,Chinese,4589-16534f5f-ea0d-49f5-bf6a-184157da4c79.43
1,closer/close,Chinese,4589-16534f5f-ea0d-49f5-bf6a-184157da4c79.44
1,further/split,Chinese,4589-16534f5f-ea0d-49f5-bf6a-184157da4c79.45
1,equal/far,Chinese,4589-16534f5f-ea0d-49f5-bf6a-184157da4c79.46
1,closer/close,Chinese,4589-16534f5f-ea0d-49f5-bf6a-184157da4c79.47
1,equal/far,Chinese,4589-16534f5f-ea0d-49f5-bf6a-184157da4c79.48
1,closer/close,Chinese,4589-16534f5f-ea0d-49f5-bf6a-184157da4c79.49
1,equal/far,Chinese,4589-16534f5f-ea0d-49f5-bf6a-184157da4c79.5
1,closer/close,Chinese,4589-16534f5f-ea0d-49f5-bf6a-184157da4c79.50
1,equal/far,Chinese,4589-16534f5f-ea0d-49f5-bf6a-184157da4c79.6
1,further/split,Chinese,4589-16534f5f-ea0d-49f5-bf6a-184157da4c79.7
1,further/split,Chinese,4589-16534f5f-ea0d-49f5-bf6a-184157da4c79.8
1,equal/far,Chinese,4589-16534f5f-ea0d-49f5-bf6a-184157da4c79.9
5,further/split,Chinese,4897-de14bbb4-eb62-447f-9190-ad5729cc33d8.1
1,further/split,Chinese,4897-de14bbb4-eb62-447f-9190-ad5729cc33d8.10
1,further/split,Chinese,4897-de14bbb4-eb62-447f-9190-ad5729cc33d8.11
1,equal/far,Chinese,4897-de14bbb4-eb62-447f-9190-ad5729cc33d8.12
1,equal/far,Chinese,4897-de14bbb4-eb62-447f-9190-ad5729cc33d8.13
1,equal/far,Chinese,4897-de14bbb4-eb62-447f-9190-ad5729cc33d8.14
1,further/split,Chinese,4897-de14bbb4-eb62-447f-9190-ad5729cc33d8.15
1,further/split,Chinese,4897-de14bbb4-eb62-447f-9190-ad5729cc33d8.16
1,closer/close,Chinese,4897-de14bbb4-eb62-447f-9190-ad5729cc33d8.17
1,equal/far,Chinese,4897-de14bbb4-eb62-447f-9190-ad5729cc33d8.18
1,further/split,Chinese,4897-de14bbb4-eb62-447f-9190-ad5729cc33d8.19
1,equal/far,Chinese,4897-de14bbb4-eb62-447f-9190-ad5729cc33d8.2
1,closer/close,Chinese,4897-de14bbb4-eb62-447f-9190-ad5729cc33d8.20
1,equal/far,Chinese,4897-de14bbb4-eb62-447f-9190-ad5729cc33d8.21
1,closer/close,Chinese,4897-de14bbb4-eb62-447f-9190-ad5729cc33d8.22
1,further/split,Chinese,4897-de14bbb4-eb62-447f-9190-ad5729cc33d8.23
1,further/split,Chinese,4897-de14bbb4-eb62-447f-9190-ad5729cc33d8.24
1,closer/close,Chinese,4897-de14bbb4-eb62-447f-9190-ad5729cc33d8.25
1,equal/far,Chinese,4897-de14bbb4-eb62-447f-9190-ad5729cc33d8.26
1,further/split,Chinese,4897-de14bbb4-eb62-447f-9190-ad5729cc33d8.27
1,closer/close,Chinese,4897-de14bbb4-eb62-447f-9190-ad5729cc33d8.28
1,closer/close,Chinese,4897-de14bbb4-eb62-447f-9190-ad5729cc33d8.29
1,further/split,Chinese,4897-de14bbb4-eb62-447f-9190-ad5729cc33d8.3
1,equal/far,Chinese,4897-de14bbb4-eb62-447f-9190-ad5729cc33d8.30
1,equal/far,Chinese,4897-de14bbb4-eb62-447f-9190-ad5729cc33d8.31
1,closer/close,Chinese,4897-de14bbb4-eb62-447f-9190-ad5729cc33d8.32
2,further/split,Chinese,4897-de14bbb4-eb62-447f-9190-ad5729cc33d8.33
1,equal/far,Chinese,4897-de14bbb4-eb62-447f-9190-ad5729cc33d8.34
1,closer/close,Chinese,4897-de14bbb4-eb62-447f-9190-ad5729cc33d8.35
1,equal/far,Chinese,4897-de14bbb4-eb62-447f-9190-ad5729cc33d8.36
1,equal/far,Chinese,4897-de14bbb4-eb62-447f-9190-ad5729cc33d8.37
1,closer/close,Chinese,4897-de14bbb4-eb62-447f-9190-ad5729cc33d8.38
1,equal/far,Chinese,4897-de14bbb4-eb62-447f-9190-ad5729cc33d8.39
2,closer/close,Chinese,4897-de14bbb4-eb62-447f-9190-ad5729cc33d8.4
1,further/split,Chinese,4897-de14bbb4-eb62-447f-9190-ad5729cc33d8.40
1,closer/close,Chinese,4897-de14bbb4-eb62-447f-9190-ad5729cc33d8.41
1,equal/far,Chinese,4897-de14bbb4-eb62-447f-9190-ad5729cc33d8.42
1,further/split,Chinese,4897-de14bbb4-eb62-447f-9190-ad5729cc33d8.43
1,closer/close,Chinese,4897-de14bbb4-eb62-447f-9190-ad5729cc33d8.44
1,closer/close,Chinese,4897-de14bbb4-eb62-447f-9190-ad5729cc33d8.45
2,further/split,Chinese,4897-de14bbb4-eb62-447f-9190-ad5729cc33d8.46
1,closer/close,Chinese,4897-de14bbb4-eb62-447f-9190-ad5729cc33d8.47
1,further/split,Chinese,4897-de14bbb4-eb62-447f-9190-ad5729cc33d8.48
1,equal/far,Chinese,4897-de14bbb4-eb62-447f-9190-ad5729cc33d8.49
1,closer/close,Chinese,4897-de14bbb4-eb62-447f-9190-ad5729cc33d8.5
1,closer/close,Chinese,4897-de14bbb4-eb62-447f-9190-ad5729cc33d8.50
1,equal/far,Chinese,4897-de14bbb4-eb62-447f-9190-ad5729cc33d8.6
2,further/split,Chinese,4897-de14bbb4-eb62-447f-9190-ad5729cc33d8.7
1,closer/close,Chinese,4897-de14bbb4-eb62-447f-9190-ad5729cc33d8.8
1,further/split,Chinese,4897-de14bbb4-eb62-447f-9190-ad5729cc33d8.9
1,further/split,Chinese,5153-a73c009e-95ab-4762-ac93-e60600ba6c3d.1
1,closer/close,Chinese,5153-a73c009e-95ab-4762-ac93-e60600ba6c3d.10
1,closer/close,Chinese,5153-a73c009e-95ab-4762-ac93-e60600ba6c3d.11
1,closer/close,Chinese,5153-a73c009e-95ab-4762-ac93-e60600ba6c3d.12
1,equal/far,Chinese,5153-a73c009e-95ab-4762-ac93-e60600ba6c3d.13
1,equal/far,Chinese,5153-a73c009e-95ab-4762-ac93-e60600ba6c3d.14
1,closer/close,Chinese,5153-a73c009e-95ab-4762-ac93-e60600ba6c3d.15
1,further/split,Chinese,5153-a73c009e-95ab-4762-ac93-e60600ba6c3d.16
1,equal/far,Chinese,5153-a73c009e-95ab-4762-ac93-e60600ba6c3d.17
1,further/split,Chinese,5153-a73c009e-95ab-4762-ac93-e60600ba6c3d.18
1,equal/far,Chinese,5153-a73c009e-95ab-4762-ac93-e60600ba6c3d.19
1,equal/far,Chinese,5153-a73c009e-95ab-4762-ac93-e60600ba6c3d.2
7,closer/close,Chinese,5153-a73c009e-95ab-4762-ac93-e60600ba6c3d.20
1,equal/far,Chinese,5153-a73c009e-95ab-4762-ac93-e60600ba6c3d.21
1,equal/far,Chinese,5153-a73c009e-95ab-4762-ac93-e60600ba6c3d.22
1,further/split,Chinese,5153-a73c009e-95ab-4762-ac93-e60600ba6c3d.23
3,closer/close,Chinese,5153-a73c009e-95ab-4762-ac93-e60600ba6c3d.24
1,further/split,Chinese,5153-a73c009e-95ab-4762-ac93-e60600ba6c3d.25
4,further/split,Chinese,5153-a73c009e-95ab-4762-ac93-e60600ba6c3d.26
2,further/split,Chinese,5153-a73c009e-95ab-4762-ac93-e60600ba6c3d.27
1,equal/far,Chinese,5153-a73c009e-95ab-4762-ac93-e60600ba6c3d.28
1,further/split,Chinese,5153-a73c009e-95ab-4762-ac93-e60600ba6c3d.29
1,closer/close,Chinese,5153-a73c009e-95ab-4762-ac93-e60600ba6c3d.3
1,closer/close,Chinese,5153-a73c009e-95ab-4762-ac93-e60600ba6c3d.30
1,closer/close,Chinese,5153-a73c009e-95ab-4762-ac93-e60600ba6c3d.31
3,further/split,Chinese,5153-a73c009e-95ab-4762-ac93-e60600ba6c3d.32
2,closer/close,Chinese,5153-a73c009e-95ab-4762-ac93-e60600ba6c3d.33
1,equal/far,Chinese,5153-a73c009e-95ab-4762-ac93-e60600ba6c3d.34
3,closer/close,Chinese,5153-a73c009e-95ab-4762-ac93-e60600ba6c3d.35
1,equal/far,Chinese,5153-a73c009e-95ab-4762-ac93-e60600ba6c3d.36
1,further/split,Chinese,5153-a73c009e-95ab-4762-ac93-e60600ba6c3d.37
2,closer/close,Chinese,5153-a73c009e-95ab-4762-ac93-e60600ba6c3d.38
1,equal/far,Chinese,5153-a73c009e-95ab-4762-ac93-e60600ba6c3d.39
3,closer/close,Chinese,5153-a73c009e-95ab-4762-ac93-e60600ba6c3d.4
1,further/split,Chinese,5153-a73c009e-95ab-4762-ac93-e60600ba6c3d.40
1,closer/close,Chinese,5153-a73c009e-95ab-4762-ac93-e60600ba6c3d.41
2,equal/far,Chinese,5153-a73c009e-95ab-4762-ac93-e60600ba6c3d.42
1,further/split,Chinese,5153-a73c009e-95ab-4762-ac93-e60600ba6c3d.43
1,equal/far,Chinese,5153-a73c009e-95ab-4762-ac93-e60600ba6c3d.44
1,equal/far,Chinese,5153-a73c009e-95ab-4762-ac93-e60600ba6c3d.45
1,further/split,Chinese,5153-a73c009e-95ab-4762-ac93-e60600ba6c3d.46
1,equal/far,Chinese,5153-a73c009e-95ab-4762-ac93-e60600ba6c3d.47
1,equal/far,Chinese,5153-a73c009e-95ab-4762-ac93-e60600ba6c3d.48
2,further/split,Chinese,5153-a73c009e-95ab-4762-ac93-e60600ba6c3d.49
1,closer/close,Chinese,5153-a73c009e-95ab-4762-ac93-e60600ba6c3d.5
1,equal/far,Chinese,5153-a73c009e-95ab-4762-ac93-e60600ba6c3d.50
2,closer/close,Chinese,5153-a73c009e-95ab-4762-ac93-e60600ba6c3d.6
1,further/split,Chinese,5153-a73c009e-95ab-4762-ac93-e60600ba6c3d.7
3,closer/close,Chinese,5153-a73c009e-95ab-4762-ac93-e60600ba6c3d.8
1,further/split,Chinese,5153-a73c009e-95ab-4762-ac93-e60600ba6c3d.9
1,closer/close,Chinese,5465-9799631c-c1a7-4b17-8944-307f2bf89df2.1
1,further/split,Chinese,5868-39a69aa5-b3d0-4893-9448-65f97cc6fc60.1
1,equal/far,Chinese,5868-39a69aa5-b3d0-4893-9448-65f97cc6fc60.10
1,equal/far,Chinese,5868-39a69aa5-b3d0-4893-9448-65f97cc6fc60.11
1,equal/far,Chinese,5868-39a69aa5-b3d0-4893-9448-65f97cc6fc60.12
1,closer/close,Chinese,5868-39a69aa5-b3d0-4893-9448-65f97cc6fc60.13
1,further/split,Chinese,5868-39a69aa5-b3d0-4893-9448-65f97cc6fc60.14
1,closer/close,Chinese,5868-39a69aa5-b3d0-4893-9448-65f97cc6fc60.15
1,equal/far,Chinese,5868-39a69aa5-b3d0-4893-9448-65f97cc6fc60.16
1,equal/far,Chinese,5868-39a69aa5-b3d0-4893-9448-65f97cc6fc60.17
1,further/split,Chinese,5868-39a69aa5-b3d0-4893-9448-65f97cc6fc60.18
1,closer/close,Chinese,5868-39a69aa5-b3d0-4893-9448-65f97cc6fc60.19
5,closer/close,Chinese,5868-39a69aa5-b3d0-4893-9448-65f97cc6fc60.2
1,closer/close,Chinese,5868-39a69aa5-b3d0-4893-9448-65f97cc6fc60.20
1,further/split,Chinese,5868-39a69aa5-b3d0-4893-9448-65f97cc6fc60.21
2,closer/close,Chinese,5868-39a69aa5-b3d0-4893-9448-65f97cc6fc60.22
1,closer/close,Chinese,5868-39a69aa5-b3d0-4893-9448-65f97cc6fc60.23
1,further/split,Chinese,5868-39a69aa5-b3d0-4893-9448-65f97cc6fc60.24
2,closer/close,Chinese,5868-39a69aa5-b3d0-4893-9448-65f97cc6fc60.25
1,equal/far,Chinese,5868-39a69aa5-b3d0-4893-9448-65f97cc6fc60.26
1,equal/far,Chinese,5868-39a69aa5-b3d0-4893-9448-65f97cc6fc60.27
1,equal/far,Chinese,5868-39a69aa5-b3d0-4893-9448-65f97cc6fc60.28
1,equal/far,Chinese,5868-39a69aa5-b3d0-4893-9448-65f97cc6fc60.29
3,further/split,Chinese,5868-39a69aa5-b3d0-4893-9448-65f97cc6fc60.3
1,further/split,Chinese,5868-39a69aa5-b3d0-4893-9448-65f97cc6fc60.30
1,further/split,Chinese,5868-39a69aa5-b3d0-4893-9448-65f97cc6fc60.31
1,equal/far,Chinese,5868-39a69aa5-b3d0-4893-9448-65f97cc6fc60.32
1,further/split,Chinese,5868-39a69aa5-b3d0-4893-9448-65f97cc6fc60.33
1,equal/far,Chinese,5868-39a69aa5-b3d0-4893-9448-65f97cc6fc60.34
1,closer/close,Chinese,5868-39a69aa5-b3d0-4893-9448-65f97cc6fc60.35
1,equal/far,Chinese,5868-39a69aa5-b3d0-4893-9448-65f97cc6fc60.36
1,further/split,Chinese,5868-39a69aa5-b3d0-4893-9448-65f97cc6fc60.37
1,equal/far,Chinese,5868-39a69aa5-b3d0-4893-9448-65f97cc6fc60.38
1,closer/close,Chinese,5868-39a69aa5-b3d0-4893-9448-65f97cc6fc60.39
1,equal/far,Chinese,5868-39a69aa5-b3d0-4893-9448-65f97cc6fc60.4
1,further/split,Chinese,5868-39a69aa5-b3d0-4893-9448-65f97cc6fc60.40
1,closer/close,Chinese,5868-39a69aa5-b3d0-4893-9448-65f97cc6fc60.41
1,closer/close,Chinese,5868-39a69aa5-b3d0-4893-9448-65f97cc6fc60.42
1,closer/close,Chinese,5868-39a69aa5-b3d0-4893-9448-65f97cc6fc60.43
1,further/split,Chinese,5868-39a69aa5-b3d0-4893-9448-65f97cc6fc60.44
1,closer/close,Chinese,5868-39a69aa5-b3d0-4893-9448-65f97cc6fc60.45
1,closer/close,Chinese,5868-39a69aa5-b3d0-4893-9448-65f97cc6fc60.46
1,equal/far,Chinese,5868-39a69aa5-b3d0-4893-9448-65f97cc6fc60.47
1,closer/close,Chinese,5868-39a69aa5-b3d0-4893-9448-65f97cc6fc60.48
1,further/split,Chinese,5868-39a69aa5-b3d0-4893-9448-65f97cc6fc60.49
1,closer/close,Chinese,5868-39a69aa5-b3d0-4893-9448-65f97cc6fc60.5
1,further/split,Chinese,5868-39a69aa5-b3d0-4893-9448-65f97cc6fc60.50
1,further/split,Chinese,5868-39a69aa5-b3d0-4893-9448-65f97cc6fc60.6
6,further/split,Chinese,5868-39a69aa5-b3d0-4893-9448-65f97cc6fc60.7
2,equal/far,Chinese,5868-39a69aa5-b3d0-4893-9448-65f97cc6fc60.8
1,further/split,Chinese,5868-39a69aa5-b3d0-4893-9448-65f97cc6fc60.9
1,closer/close,Chinese,6833-33da8ed2-3343-4e4f-b330-972373a0e92b.1
1,closer/close,Chinese,6833-33da8ed2-3343-4e4f-b330-972373a0e92b.10
1,equal/far,Chinese,6833-33da8ed2-3343-4e4f-b330-972373a0e92b.11
1,further/split,Chinese,6833-33da8ed2-3343-4e4f-b330-972373a0e92b.12
1,further/split,Chinese,6833-33da8ed2-3343-4e4f-b330-972373a0e92b.13
1,closer/close,Chinese,6833-33da8ed2-3343-4e4f-b330-972373a0e92b.14
1,further/split,Chinese,6833-33da8ed2-3343-4e4f-b330-972373a0e92b.15
1,equal/far,Chinese,6833-33da8ed2-3343-4e4f-b330-972373a0e92b.16
1,equal/far,Chinese,6833-33da8ed2-3343-4e4f-b330-972373a0e92b.17
1,equal/far,Chinese,6833-33da8ed2-3343-4e4f-b330-972373a0e92b.18
1,closer/close,Chinese,6833-33da8ed2-3343-4e4f-b330-972373a0e92b.19
1,closer/close,Chinese,6833-33da8ed2-3343-4e4f-b330-972373a0e92b.2
1,further/split,Chinese,6833-33da8ed2-3343-4e4f-b330-972373a0e92b.20
1,further/split,Chinese,6833-33da8ed2-3343-4e4f-b330-972373a0e92b.21
1,further/split,Chinese,6833-33da8ed2-3343-4e4f-b330-972373a0e92b.22
1,closer/close,Chinese,6833-33da8ed2-3343-4e4f-b330-972373a0e92b.23
1,closer/close,Chinese,6833-33da8ed2-3343-4e4f-b330-972373a0e92b.24
1,equal/far,Chinese,6833-33da8ed2-3343-4e4f-b330-972373a0e92b.25
3,closer/close,Chinese,6833-33da8ed2-3343-4e4f-b330-972373a0e92b.26
1,further/split,Chinese,6833-33da8ed2-3343-4e4f-b330-972373a0e92b.27
1,equal/far,Chinese,6833-33da8ed2-3343-4e4f-b330-972373a0e92b.28
1,equal/far,Chinese,6833-33da8ed2-3343-4e4f-b330-972373a0e92b.29
1,equal/far,Chinese,6833-33da8ed2-3343-4e4f-b330-972373a0e92b.3
1,closer/close,Chinese,6833-33da8ed2-3343-4e4f-b330-972373a0e92b.30
1,further/split,Chinese,6833-33da8ed2-3343-4e4f-b330-972373a0e92b.31
1,closer/close,Chinese,6833-33da8ed2-3343-4e4f-b330-972373a0e92b.32
1,further/split,Chinese,6833-33da8ed2-3343-4e4f-b330-972373a0e92b.33
1,equal/far,Chinese,6833-33da8ed2-3343-4e4f-b330-972373a0e92b.34
1,further/split,Chinese,6833-33da8ed2-3343-4e4f-b330-972373a0e92b.35
1,further/split,Chinese,6833-33da8ed2-3343-4e4f-b330-972373a0e92b.36
1,closer/close,Chinese,6833-33da8ed2-3343-4e4f-b330-972373a0e92b.37
1,closer/close,Chinese,6833-33da8ed2-3343-4e4f-b330-972373a0e92b.38
1,closer/close,Chinese,6833-33da8ed2-3343-4e4f-b330-972373a0e92b.39
1,equal/far,Chinese,6833-33da8ed2-3343-4e4f-b330-972373a0e92b.4
1,closer/close,Chinese,6833-33da8ed2-3343-4e4f-b330-972373a0e92b.40
2,closer/close,Chinese,6833-33da8ed2-3343-4e4f-b330-972373a0e92b.41
1,closer/close,Chinese,6833-33da8ed2-3343-4e4f-b330-972373a0e92b.42
1,equal/far,Chinese,6833-33da8ed2-3343-4e4f-b330-972373a0e92b.43
1,equal/far,Chinese,6833-33da8ed2-3343-4e4f-b330-972373a0e92b.44
1,equal/far,Chinese,6833-33da8ed2-3343-4e4f-b330-972373a0e92b.45
1,further/split,Chinese,6833-33da8ed2-3343-4e4f-b330-972373a0e92b.46
1,further/split,Chinese,6833-33da8ed2-3343-4e4f-b330-972373a0e92b.47
2,equal/far,Chinese,6833-33da8ed2-3343-4e4f-b330-972373a0e92b.48
1,closer/close,Chinese,6833-33da8ed2-3343-4e4f-b330-972373a0e92b.49
1,further/split,Chinese,6833-33da8ed2-3343-4e4f-b330-972373a0e92b.5
1,further/split,Chinese,6833-33da8ed2-3343-4e4f-b330-972373a0e92b.50
1,equal/far,Chinese,6833-33da8ed2-3343-4e4f-b330-972373a0e92b.6
1,further/split,Chinese,6833-33da8ed2-3343-4e4f-b330-972373a0e92b.7
1,further/split,Chinese,6833-33da8ed2-3343-4e4f-b330-972373a0e92b.8
1,equal/far,Chinese,6833-33da8ed2-3343-4e4f-b330-972373a0e92b.9
3,closer/close,Chinese,7024-9f33f165-8d4a-44db-8b60-8236445b9073.1
1,further/split,Chinese,7024-9f33f165-8d4a-44db-8b60-8236445b9073.10
1,further/split,Chinese,7024-9f33f165-8d4a-44db-8b60-8236445b9073.11
1,closer/close,Chinese,7024-9f33f165-8d4a-44db-8b60-8236445b9073.12
1,closer/close,Chinese,7024-9f33f165-8d4a-44db-8b60-8236445b9073.13
1,equal/far,Chinese,7024-9f33f165-8d4a-44db-8b60-8236445b9073.14
1,further/split,Chinese,7024-9f33f165-8d4a-44db-8b60-8236445b9073.15
1,further/split,Chinese,7024-9f33f165-8d4a-44db-8b60-8236445b9073.16
1,closer/close,Chinese,7024-9f33f165-8d4a-44db-8b60-8236445b9073.17
1,equal/far,Chinese,7024-9f33f165-8d4a-44db-8b60-8236445b9073.18
1,equal/far,Chinese,7024-9f33f165-8d4a-44db-8b60-8236445b9073.19
1,equal/far,Chinese,7024-9f33f165-8d4a-44db-8b60-8236445b9073.2
1,further/split,Chinese,7024-9f33f165-8d4a-44db-8b60-8236445b9073.20
1,closer/close,Chinese,7024-9f33f165-8d4a-44db-8b60-8236445b9073.21
1,closer/close,Chinese,7024-9f33f165-8d4a-44db-8b60-8236445b9073.22
1,equal/far,Chinese,7024-9f33f165-8d4a-44db-8b60-8236445b9073.3
1,closer/close,Chinese,7024-9f33f165-8d4a-44db-8b60-8236445b9073.4
1,equal/far,Chinese,7024-9f33f165-8d4a-44db-8b60-8236445b9073.5
1,closer/close,Chinese,7024-9f33f165-8d4a-44db-8b60-8236445b9073.6
1,further/split,Chinese,7024-9f33f165-8d4a-44db-8b60-8236445b9073.7
1,equal/far,Chinese,7024-9f33f165-8d4a-44db-8b60-8236445b9073.8
1,closer/close,Chinese,7024-9f33f165-8d4a-44db-8b60-8236445b9073.9
1,equal/far,Chinese,7226-ccc3b8d4-37a4-4334-9095-74260418e8c1.1
5,further/split,Chinese,7266-a19a5680-212b-4740-b7c3-897388466b48.1
1,equal/far,Chinese,7266-a19a5680-212b-4740-b7c3-897388466b48.10
1,equal/far,Chinese,7266-a19a5680-212b-4740-b7c3-897388466b48.11
1,further/split,Chinese,7266-a19a5680-212b-4740-b7c3-897388466b48.12
1,further/split,Chinese,7266-a19a5680-212b-4740-b7c3-897388466b48.13
3,closer/close,Chinese,7266-a19a5680-212b-4740-b7c3-897388466b48.14
1,closer/close,Chinese,7266-a19a5680-212b-4740-b7c3-897388466b48.15
1,equal/far,Chinese,7266-a19a5680-212b-4740-b7c3-897388466b48.16
1,closer/close,Chinese,7266-a19a5680-212b-4740-b7c3-897388466b48.17
1,further/split,Chinese,7266-a19a5680-212b-4740-b7c3-897388466b48.18
1,equal/far,Chinese,7266-a19a5680-212b-4740-b7c3-897388466b48.19
2,further/split,Chinese,7266-a19a5680-212b-4740-b7c3-897388466b48.2
1,further/split,Chinese,7266-a19a5680-212b-4740-b7c3-897388466b48.20
1,equal/far,Chinese,7266-a19a5680-212b-4740-b7c3-897388466b48.21
1,closer/close,Chinese,7266-a19a5680-212b-4740-b7c3-897388466b48.22
1,equal/far,Chinese,7266-a19a5680-212b-4740-b7c3-897388466b48.23
1,closer/close,Chinese,7266-a19a5680-212b-4740-b7c3-897388466b48.24
1,further/split,Chinese,7266-a19a5680-212b-4740-b7c3-897388466b48.25
1,equal/far,Chinese,7266-a19a5680-212b-4740-b7c3-897388466b48.3
1,further/split,Chinese,7266-a19a5680-212b-4740-b7c3-897388466b48.4
1,closer/close,Chinese,7266-a19a5680-212b-4740-b7c3-897388466b48.5
3,closer/close,Chinese,7266-a19a5680-212b-4740-b7c3-897388466b48.6
5,equal/far,Chinese,7266-a19a5680-212b-4740-b7c3-897388466b48.7
4,closer/close,Chinese,7266-a19a5680-212b-4740-b7c3-897388466b48.8
2,equal/far,Chinese,7266-a19a5680-212b-4740-b7c3-897388466b48.9
4,further/split,Chinese,7645-31884455-9ae0-4726-a830-00d8014ac468.1
1,closer/close,Chinese,7645-31884455-9ae0-4726-a830-00d8014ac468.10
1,closer/close,Chinese,7645-31884455-9ae0-4726-a830-00d8014ac468.11
1,equal/far,Chinese,7645-31884455-9ae0-4726-a830-00d8014ac468.2
1,further/split,Chinese,7645-31884455-9ae0-4726-a830-00d8014ac468.3
1,equal/far,Chinese,7645-31884455-9ae0-4726-a830-00d8014ac468.4
1,closer/close,Chinese,7645-31884455-9ae0-4726-a830-00d8014ac468.5
1,further/split,Chinese,7645-31884455-9ae0-4726-a830-00d8014ac468.6
1,equal/far,Chinese,7645-31884455-9ae0-4726-a830-00d8014ac468.7
1,equal/far,Chinese,7645-31884455-9ae0-4726-a830-00d8014ac468.8
1,equal/far,Chinese,7645-31884455-9ae0-4726-a830-00d8014ac468.9
1,equal/far,Chinese,7778-fff6a029-3272-4086-8ce5-a031948fac33.1
3,closer/close,Chinese,7778-fff6a029-3272-4086-8ce5-a031948fac33.10
1,equal/far,Chinese,7778-fff6a029-3272-4086-8ce5-a031948fac33.11
1,closer/close,Chinese,7778-fff6a029-3272-4086-8ce5-a031948fac33.12
2,equal/far,Chinese,7778-fff6a029-3272-4086-8ce5-a031948fac33.13
2,equal/far,Chinese,7778-fff6a029-3272-4086-8ce5-a031948fac33.14
1,closer/close,Chinese,7778-fff6a029-3272-4086-8ce5-a031948fac33.15
1,closer/close,Chinese,7778-fff6a029-3272-4086-8ce5-a031948fac33.16
1,equal/far,Chinese,7778-fff6a029-3272-4086-8ce5-a031948fac33.17
1,equal/far,Chinese,7778-fff6a029-3272-4086-8ce5-a031948fac33.18
1,equal/far,Chinese,7778-fff6a029-3272-4086-8ce5-a031948fac33.19
1,further/split,Chinese,7778-fff6a029-3272-4086-8ce5-a031948fac33.2
2,closer/close,Chinese,7778-fff6a029-3272-4086-8ce5-a031948fac33.20
1,equal/far,Chinese,7778-fff6a029-3272-4086-8ce5-a031948fac33.21
1,closer/close,Chinese,7778-fff6a029-3272-4086-8ce5-a031948fac33.22
1,further/split,Chinese,7778-fff6a029-3272-4086-8ce5-a031948fac33.23
1,further/split,Chinese,7778-fff6a029-3272-4086-8ce5-a031948fac33.24
1,closer/close,Chinese,7778-fff6a029-3272-4086-8ce5-a031948fac33.25
1,equal/far,Chinese,7778-fff6a029-3272-4086-8ce5-a031948fac33.26
2,closer/close,Chinese,7778-fff6a029-3272-4086-8ce5-a031948fac33.27
1,closer/close,Chinese,7778-fff6a029-3272-4086-8ce5-a031948fac33.28
1,equal/far,Chinese,7778-fff6a029-3272-4086-8ce5-a031948fac33.29
1,further/split,Chinese,7778-fff6a029-3272-4086-8ce5-a031948fac33.3
1,further/split,Chinese,7778-fff6a029-3272-4086-8ce5-a031948fac33.30
1,closer/close,Chinese,7778-fff6a029-3272-4086-8ce5-a031948fac33.31
1,equal/far,Chinese,7778-fff6a029-3272-4086-8ce5-a031948fac33.32
1,further/split,Chinese,7778-fff6a029-3272-4086-8ce5-a031948fac33.33
2,further/split,Chinese,7778-fff6a029-3272-4086-8ce5-a031948fac33.34
1,closer/close,Chinese,7778-fff6a029-3272-4086-8ce5-a031948fac33.35
1,equal/far,Chinese,7778-fff6a029-3272-4086-8ce5-a031948fac33.36
3,further/split,Chinese,7778-fff6a029-3272-4086-8ce5-a031948fac33.37
2,further/split,Chinese,7778-fff6a029-3272-4086-8ce5-a031948fac33.38
1,further/split,Chinese,7778-fff6a029-3272-4086-8ce5-a031948fac33.39
1,closer/close,Chinese,7778-fff6a029-3272-4086-8ce5-a031948fac33.4
1,further/split,Chinese,7778-fff6a029-3272-4086-8ce5-a031948fac33.40
1,closer/close,Chinese,7778-fff6a029-3272-4086-8ce5-a031948fac33.41
1,closer/close,Chinese,7778-fff6a029-3272-4086-8ce5-a031948fac33.42
1,closer/close,Chinese,7778-fff6a029-3272-4086-8ce5-a031948fac33.43
2,equal/far,Chinese,7778-fff6a029-3272-4086-8ce5-a031948fac33.44
1,further/split,Chinese,7778-fff6a029-3272-4086-8ce5-a031948fac33.45
1,further/split,Chinese,7778-fff6a029-3272-4086-8ce5-a031948fac33.46
1,equal/far,Chinese,7778-fff6a029-3272-4086-8ce5-a031948fac33.47
2,equal/far,Chinese,7778-fff6a029-3272-4086-8ce5-a031948fac33.48
1,closer/close,Chinese,7778-fff6a029-3272-4086-8ce5-a031948fac33.49
1,equal/far,Chinese,7778-fff6a029-3272-4086-8ce5-a031948fac33.5
1,further/split,Chinese,7778-fff6a029-3272-4086-8ce5-a031948fac33.50
2,further/split,Chinese,7778-fff6a029-3272-4086-8ce5-a031948fac33.6
1,closer/close,Chinese,7778-fff6a029-3272-4086-8ce5-a031948fac33.7
2,further/split,Chinese,7778-fff6a029-3272-4086-8ce5-a031948fac33.8
1,further/split,Chinese,7778-fff6a029-3272-4086-8ce5-a031948fac33.9
1,further/split,Chinese,7921-645b72d1-e1bf-4121-b9b4-d04e9d5c906f.1
1,further/split,Chinese,7921-645b72d1-e1bf-4121-b9b4-d04e9d5c906f.10
1,closer/close,Chinese,7921-645b72d1-e1bf-4121-b9b4-d04e9d5c906f.11
1,equal/far,Chinese,7921-645b72d1-e1bf-4121-b9b4-d04e9d5c906f.12
2,further/split,Chinese,7921-645b72d1-e1bf-4121-b9b4-d04e9d5c906f.13
3,closer/close,Chinese,7921-645b72d1-e1bf-4121-b9b4-d04e9d5c906f.14
1,equal/far,Chinese,7921-645b72d1-e1bf-4121-b9b4-d04e9d5c906f.15
1,closer/close,Chinese,7921-645b72d1-e1bf-4121-b9b4-d04e9d5c906f.16
1,equal/far,Chinese,7921-645b72d1-e1bf-4121-b9b4-d04e9d5c906f.17
2,closer/close,Chinese,7921-645b72d1-e1bf-4121-b9b4-d04e9d5c906f.18
1,further/split,Chinese,7921-645b72d1-e1bf-4121-b9b4-d04e9d5c906f.19
1,further/split,Chinese,7921-645b72d1-e1bf-4121-b9b4-d04e9d5c906f.2
1,equal/far,Chinese,7921-645b72d1-e1bf-4121-b9b4-d04e9d5c906f.20
3,closer/close,Chinese,7921-645b72d1-e1bf-4121-b9b4-d04e9d5c906f.21
1,equal/far,Chinese,7921-645b72d1-e1bf-4121-b9b4-d04e9d5c906f.22
1,further/split,Chinese,7921-645b72d1-e1bf-4121-b9b4-d04e9d5c906f.23
1,further/split,Chinese,7921-645b72d1-e1bf-4121-b9b4-d04e9d5c906f.24
1,further/split,Chinese,7921-645b72d1-e1bf-4121-b9b4-d04e9d5c906f.25
2,further/split,Chinese,7921-645b72d1-e1bf-4121-b9b4-d04e9d5c906f.26
1,equal/far,Chinese,7921-645b72d1-e1bf-4121-b9b4-d04e9d5c906f.27
2,closer/close,Chinese,7921-645b72d1-e1bf-4121-b9b4-d04e9d5c906f.28
1,closer/close,Chinese,7921-645b72d1-e1bf-4121-b9b4-d04e9d5c906f.29
1,further/split,Chinese,7921-645b72d1-e1bf-4121-b9b4-d04e9d5c906f.3
1,equal/far,Chinese,7921-645b72d1-e1bf-4121-b9b4-d04e9d5c906f.30
1,closer/close,Chinese,7921-645b72d1-e1bf-4121-b9b4-d04e9d5c906f.31
1,closer/close,Chinese,7921-645b72d1-e1bf-4121-b9b4-d04e9d5c906f.32
1,further/split,Chinese,7921-645b72d1-e1bf-4121-b9b4-d04e9d5c906f.33
1,further/split,Chinese,7921-645b72d1-e1bf-4121-b9b4-d04e9d5c906f.34
1,further/split,Chinese,7921-645b72d1-e1bf-4121-b9b4-d04e9d5c906f.35
1,further/split,Chinese,7921-645b72d1-e1bf-4121-b9b4-d04e9d5c906f.36
1,equal/far,Chinese,7921-645b72d1-e1bf-4121-b9b4-d04e9d5c906f.37
2,closer/close,Chinese,7921-645b72d1-e1bf-4121-b9b4-d04e9d5c906f.38
2,closer/close,Chinese,7921-645b72d1-e1bf-4121-b9b4-d04e9d5c906f.39
2,closer/close,Chinese,7921-645b72d1-e1bf-4121-b9b4-d04e9d5c906f.4
1,equal/far,Chinese,7921-645b72d1-e1bf-4121-b9b4-d04e9d5c906f.40
2,closer/close,Chinese,7921-645b72d1-e1bf-4121-b9b4-d04e9d5c906f.41
1,closer/close,Chinese,7921-645b72d1-e1bf-4121-b9b4-d04e9d5c906f.42
1,equal/far,Chinese,7921-645b72d1-e1bf-4121-b9b4-d04e9d5c906f.43
1,further/split,Chinese,7921-645b72d1-e1bf-4121-b9b4-d04e9d5c906f.44
1,equal/far,Chinese,7921-645b72d1-e1bf-4121-b9b4-d04e9d5c906f.45
2,equal/far,Chinese,7921-645b72d1-e1bf-4121-b9b4-d04e9d5c906f.46
1,equal/far,Chinese,7921-645b72d1-e1bf-4121-b9b4-d04e9d5c906f.47
1,further/split,Chinese,7921-645b72d1-e1bf-4121-b9b4-d04e9d5c906f.48
1,equal/far,Chinese,7921-645b72d1-e1bf-4121-b9b4-d04e9d5c906f.49
1,equal/far,Chinese,7921-645b72d1-e1bf-4121-b9b4-d04e9d5c906f.5
1,equal/far,Chinese,7921-645b72d1-e1bf-4121-b9b4-d04e9d5c906f.50
1,equal/far,Chinese,7921-645b72d1-e1bf-4121-b9b4-d04e9d5c906f.6
1,closer/close,Chinese,7921-645b72d1-e1bf-4121-b9b4-d04e9d5c906f.7
1,closer/close,Chinese,7921-645b72d1-e1bf-4121-b9b4-d04e9d5c906f.8
1,closer/close,Chinese,7921-645b72d1-e1bf-4121-b9b4-d04e9d5c906f.9
1,closer/close,Chinese,7991-2be4a4f0-a5f7-40e2-9854-4765af54e7c7.1
1,further/split,Chinese,7991-2be4a4f0-a5f7-40e2-9854-4765af54e7c7.10
3,closer/close,Chinese,7991-2be4a4f0-a5f7-40e2-9854-4765af54e7c7.11
1,further/split,Chinese,7991-2be4a4f0-a5f7-40e2-9854-4765af54e7c7.12
1,further/split,Chinese,7991-2be4a4f0-a5f7-40e2-9854-4765af54e7c7.13
1,equal/far,Chinese,7991-2be4a4f0-a5f7-40e2-9854-4765af54e7c7.14
1,equal/far,Chinese,7991-2be4a4f0-a5f7-40e2-9854-4765af54e7c7.15
1,further/split,Chinese,7991-2be4a4f0-a5f7-40e2-9854-4765af54e7c7.16
1,further/split,Chinese,7991-2be4a4f0-a5f7-40e2-9854-4765af54e7c7.17
1,closer/close,Chinese,7991-2be4a4f0-a5f7-40e2-9854-4765af54e7c7.18
1,equal/far,Chinese,7991-2be4a4f0-a5f7-40e2-9854-4765af54e7c7.19
1,further/split,Chinese,7991-2be4a4f0-a5f7-40e2-9854-4765af54e7c7.2
1,closer/close,Chinese,7991-2be4a4f0-a5f7-40e2-9854-4765af54e7c7.20
1,equal/far,Chinese,7991-2be4a4f0-a5f7-40e2-9854-4765af54e7c7.21
1,further/split,Chinese,7991-2be4a4f0-a5f7-40e2-9854-4765af54e7c7.22
1,equal/far,Chinese,7991-2be4a4f0-a5f7-40e2-9854-4765af54e7c7.23
3,further/split,Chinese,7991-2be4a4f0-a5f7-40e2-9854-4765af54e7c7.24
1,closer/close,Chinese,7991-2be4a4f0-a5f7-40e2-9854-4765af54e7c7.25
1,further/split,Chinese,7991-2be4a4f0-a5f7-40e2-9854-4765af54e7c7.26
1,equal/far,Chinese,7991-2be4a4f0-a5f7-40e2-9854-4765af54e7c7.27
1,equal/far,Chinese,7991-2be4a4f0-a5f7-40e2-9854-4765af54e7c7.28
1,equal/far,Chinese,7991-2be4a4f0-a5f7-40e2-9854-4765af54e7c7.29
1,further/split,Chinese,7991-2be4a4f0-a5f7-40e2-9854-4765af54e7c7.3
1,further/split,Chinese,7991-2be4a4f0-a5f7-40e2-9854-4765af54e7c7.30
1,further/split,Chinese,7991-2be4a4f0-a5f7-40e2-9854-4765af54e7c7.31
1,further/split,Chinese,7991-2be4a4f0-a5f7-40e2-9854-4765af54e7c7.32
2,further/split,Chinese,7991-2be4a4f0-a5f7-40e2-9854-4765af54e7c7.33
1,further/split,Chinese,7991-2be4a4f0-a5f7-40e2-9854-4765af54e7c7.34
1,closer/close,Chinese,7991-2be4a4f0-a5f7-40e2-9854-4765af54e7c7.35
1,closer/close,Chinese,7991-2be4a4f0-a5f7-40e2-9854-4765af54e7c7.36
1,equal/far,Chinese,7991-2be4a4f0-a5f7-40e2-9854-4765af54e7c7.37
1,closer/close,Chinese,7991-2be4a4f0-a5f7-40e2-9854-4765af54e7c7.38
1,closer/close,Chinese,7991-2be4a4f0-a5f7-40e2-9854-4765af54e7c7.39
1,equal/far,Chinese,7991-2be4a4f0-a5f7-40e2-9854-4765af54e7c7.4
1,closer/close,Chinese,7991-2be4a4f0-a5f7-40e2-9854-4765af54e7c7.40
1,equal/far,Chinese,7991-2be4a4f0-a5f7-40e2-9854-4765af54e7c7.41
1,equal/far,Chinese,7991-2be4a4f0-a5f7-40e2-9854-4765af54e7c7.42
1,closer/close,Chinese,7991-2be4a4f0-a5f7-40e2-9854-4765af54e7c7.43
1,closer/close,Chinese,7991-2be4a4f0-a5f7-40e2-9854-4765af54e7c7.44
1,further/split,Chinese,7991-2be4a4f0-a5f7-40e2-9854-4765af54e7c7.45
1,further/split,Chinese,7991-2be4a4f0-a5f7-40e2-9854-4765af54e7c7.46
1,closer/close,Chinese,7991-2be4a4f0-a5f7-40e2-9854-4765af54e7c7.47
1,closer/close,Chinese,7991-2be4a4f0-a5f7-40e2-9854-4765af54e7c7.48
1,equal/far,Chinese,7991-2be4a4f0-a5f7-40e2-9854-4765af54e7c7.49
1,equal/far,Chinese,7991-2be4a4f0-a5f7-40e2-9854-4765af54e7c7.5
1,equal/far,Chinese,7991-2be4a4f0-a5f7-40e2-9854-4765af54e7c7.50
1,closer/close,Chinese,7991-2be4a4f0-a5f7-40e2-9854-4765af54e7c7.6
1,equal/far,Chinese,7991-2be4a4f0-a5f7-40e2-9854-4765af54e7c7.7
1,closer/close,Chinese,7991-2be4a4f0-a5f7-40e2-9854-4765af54e7c7.8
2,closer/close,Chinese,7991-2be4a4f0-a5f7-40e2-9854-4765af54e7c7.9
1,closer/close,Chinese,8032-611b2ceb-ca98-407b-a880-8e311ae40798.1
1,equal/far,Chinese,8032-611b2ceb-ca98-407b-a880-8e311ae40798.10
1,further/split,Chinese,8032-611b2ceb-ca98-407b-a880-8e311ae40798.11
1,further/split,Chinese,8032-611b2ceb-ca98-407b-a880-8e311ae40798.12
1,equal/far,Chinese,8032-611b2ceb-ca98-407b-a880-8e311ae40798.13
1,further/split,Chinese,8032-611b2ceb-ca98-407b-a880-8e311ae40798.14
1,equal/far,Chinese,8032-611b2ceb-ca98-407b-a880-8e311ae40798.15
1,closer/close,Chinese,8032-611b2ceb-ca98-407b-a880-8e311ae40798.16
1,closer/close,Chinese,8032-611b2ceb-ca98-407b-a880-8e311ae40798.17
1,equal/far,Chinese,8032-611b2ceb-ca98-407b-a880-8e311ae40798.18
1,further/split,Chinese,8032-611b2ceb-ca98-407b-a880-8e311ae40798.19
1,closer/close,Chinese,8032-611b2ceb-ca98-407b-a880-8e311ae40798.2
1,equal/far,Chinese,8032-611b2ceb-ca98-407b-a880-8e311ae40798.20
1,equal/far,Chinese,8032-611b2ceb-ca98-407b-a880-8e311ae40798.21
1,closer/close,Chinese,8032-611b2ceb-ca98-407b-a880-8e311ae40798.22
1,further/split,Chinese,8032-611b2ceb-ca98-407b-a880-8e311ae40798.23
1,equal/far,Chinese,8032-611b2ceb-ca98-407b-a880-8e311ae40798.24
1,further/split,Chinese,8032-611b2ceb-ca98-407b-a880-8e311ae40798.25
1,further/split,Chinese,8032-611b2ceb-ca98-407b-a880-8e311ae40798.26
1,equal/far,Chinese,8032-611b2ceb-ca98-407b-a880-8e311ae40798.27
1,further/split,Chinese,8032-611b2ceb-ca98-407b-a880-8e311ae40798.28
1,closer/close,Chinese,8032-611b2ceb-ca98-407b-a880-8e311ae40798.29
1,equal/far,Chinese,8032-611b2ceb-ca98-407b-a880-8e311ae40798.3
1,closer/close,Chinese,8032-611b2ceb-ca98-407b-a880-8e311ae40798.30
1,closer/close,Chinese,8032-611b2ceb-ca98-407b-a880-8e311ae40798.31
1,closer/close,Chinese,8032-611b2ceb-ca98-407b-a880-8e311ae40798.32
1,closer/close,Chinese,8032-611b2ceb-ca98-407b-a880-8e311ae40798.33
1,further/split,Chinese,8032-611b2ceb-ca98-407b-a880-8e311ae40798.34
1,closer/close,Chinese,8032-611b2ceb-ca98-407b-a880-8e311ae40798.35
1,further/split,Chinese,8032-611b2ceb-ca98-407b-a880-8e311ae40798.36
1,further/split,Chinese,8032-611b2ceb-ca98-407b-a880-8e311ae40798.37
1,closer/close,Chinese,8032-611b2ceb-ca98-407b-a880-8e311ae40798.38
1,equal/far,Chinese,8032-611b2ceb-ca98-407b-a880-8e311ae40798.39
1,equal/far,Chinese,8032-611b2ceb-ca98-407b-a880-8e311ae40798.4
1,further/split,Chinese,8032-611b2ceb-ca98-407b-a880-8e311ae40798.40
1,equal/far,Chinese,8032-611b2ceb-ca98-407b-a880-8e311ae40798.41
1,closer/close,Chinese,8032-611b2ceb-ca98-407b-a880-8e311ae40798.42
1,further/split,Chinese,8032-611b2ceb-ca98-407b-a880-8e311ae40798.43
1,equal/far,Chinese,8032-611b2ceb-ca98-407b-a880-8e311ae40798.44
1,further/split,Chinese,8032-611b2ceb-ca98-407b-a880-8e311ae40798.45
1,equal/far,Chinese,8032-611b2ceb-ca98-407b-a880-8e311ae40798.46
1,closer/close,Chinese,8032-611b2ceb-ca98-407b-a880-8e311ae40798.47
1,closer/close,Chinese,8032-611b2ceb-ca98-407b-a880-8e311ae40798.48
1,further/split,Chinese,8032-611b2ceb-ca98-407b-a880-8e311ae40798.49
1,further/split,Chinese,8032-611b2ceb-ca98-407b-a880-8e311ae40798.5
1,closer/close,Chinese,8032-611b2ceb-ca98-407b-a880-8e311ae40798.50
1,closer/close,Chinese,8032-611b2ceb-ca98-407b-a880-8e311ae40798.6
1,equal/far,Chinese,8032-611b2ceb-ca98-407b-a880-8e311ae40798.7
1,equal/far,Chinese,8032-611b2ceb-ca98-407b-a880-8e311ae40798.8
1,equal/far,Chinese,8032-611b2ceb-ca98-407b-a880-8e311ae40798.9
2,closer/close,Chinese,8146-390e8c1f-f8e2-4a34-bd93-a394f87746a0.1
1,equal/far,Chinese,8146-390e8c1f-f8e2-4a34-bd93-a394f87746a0.10
1,further/split,Chinese,8146-390e8c1f-f8e2-4a34-bd93-a394f87746a0.11
2,equal/far,Chinese,8146-390e8c1f-f8e2-4a34-bd93-a394f87746a0.12
1,further/split,Chinese,8146-390e8c1f-f8e2-4a34-bd93-a394f87746a0.13
3,closer/close,Chinese,8146-390e8c1f-f8e2-4a34-bd93-a394f87746a0.14
5,further/split,Chinese,8146-390e8c1f-f8e2-4a34-bd93-a394f87746a0.15
4,further/split,Chinese,8146-390e8c1f-f8e2-4a34-bd93-a394f87746a0.16
1,further/split,Chinese,8146-390e8c1f-f8e2-4a34-bd93-a394f87746a0.17
3,further/split,Chinese,8146-390e8c1f-f8e2-4a34-bd93-a394f87746a0.18
1,further/split,Chinese,8146-390e8c1f-f8e2-4a34-bd93-a394f87746a0.19
2,equal/far,Chinese,8146-390e8c1f-f8e2-4a34-bd93-a394f87746a0.2
2,equal/far,Chinese,8146-390e8c1f-f8e2-4a34-bd93-a394f87746a0.20
1,further/split,Chinese,8146-390e8c1f-f8e2-4a34-bd93-a394f87746a0.21
1,equal/far,Chinese,8146-390e8c1f-f8e2-4a34-bd93-a394f87746a0.22
1,equal/far,Chinese,8146-390e8c1f-f8e2-4a34-bd93-a394f87746a0.23
2,equal/far,Chinese,8146-390e8c1f-f8e2-4a34-bd93-a394f87746a0.24
1,equal/far,Chinese,8146-390e8c1f-f8e2-4a34-bd93-a394f87746a0.25
1,closer/close,Chinese,8146-390e8c1f-f8e2-4a34-bd93-a394f87746a0.26
1,equal/far,Chinese,8146-390e8c1f-f8e2-4a34-bd93-a394f87746a0.27
1,closer/close,Chinese,8146-390e8c1f-f8e2-4a34-bd93-a394f87746a0.28
1,equal/far,Chinese,8146-390e8c1f-f8e2-4a34-bd93-a394f87746a0.29
3,closer/close,Chinese,8146-390e8c1f-f8e2-4a34-bd93-a394f87746a0.3
1,equal/far,Chinese,8146-390e8c1f-f8e2-4a34-bd93-a394f87746a0.30
1,equal/far,Chinese,8146-390e8c1f-f8e2-4a34-bd93-a394f87746a0.31
1,closer/close,Chinese,8146-390e8c1f-f8e2-4a34-bd93-a394f87746a0.32
1,further/split,Chinese,8146-390e8c1f-f8e2-4a34-bd93-a394f87746a0.33
1,closer/close,Chinese,8146-390e8c1f-f8e2-4a34-bd93-a394f87746a0.34
1,further/split,Chinese,8146-390e8c1f-f8e2-4a34-bd93-a394f87746a0.35
1,closer/close,Chinese,8146-390e8c1f-f8e2-4a34-bd93-a394f87746a0.36
1,closer/close,Chinese,8146-390e8c1f-f8e2-4a34-bd93-a394f87746a0.37
1,equal/far,Chinese,8146-390e8c1f-f8e2-4a34-bd93-a394f87746a0.38
1,further/split,Chinese,8146-390e8c1f-f8e2-4a34-bd93-a394f87746a0.39
3,closer/close,Chinese,8146-390e8c1f-f8e2-4a34-bd93-a394f87746a0.4
1,further/split,Chinese,8146-390e8c1f-f8e2-4a34-bd93-a394f87746a0.40
1,equal/far,Chinese,8146-390e8c1f-f8e2-4a34-bd93-a394f87746a0.41
1,further/split,Chinese,8146-390e8c1f-f8e2-4a34-bd93-a394f87746a0.42
1,further/split,Chinese,8146-390e8c1f-f8e2-4a34-bd93-a394f87746a0.43
1,closer/close,Chinese,8146-390e8c1f-f8e2-4a34-bd93-a394f87746a0.44
1,further/split,Chinese,8146-390e8c1f-f8e2-4a34-bd93-a394f87746a0.45
1,further/split,Chinese,8146-390e8c1f-f8e2-4a34-bd93-a394f87746a0.46
1,equal/far,Chinese,8146-390e8c1f-f8e2-4a34-bd93-a394f87746a0.47
1,closer/close,Chinese,8146-390e8c1f-f8e2-4a34-bd93-a394f87746a0.48
1,equal/far,Chinese,8146-390e8c1f-f8e2-4a34-bd93-a394f87746a0.49
3,closer/close,Chinese,8146-390e8c1f-f8e2-4a34-bd93-a394f87746a0.5
1,further/split,Chinese,8146-390e8c1f-f8e2-4a34-bd93-a394f87746a0.50
3,closer/close,Chinese,8146-390e8c1f-f8e2-4a34-bd93-a394f87746a0.6
1,closer/close,Chinese,8146-390e8c1f-f8e2-4a34-bd93-a394f87746a0.7
1,equal/far,Chinese,8146-390e8c1f-f8e2-4a34-bd93-a394f87746a0.8
3,closer/close,Chinese,8146-390e8c1f-f8e2-4a34-bd93-a394f87746a0.9
2,equal/far,Chinese,8382-8892e79f-22e4-4ea6-8d2a-cffdf0a65624.1
1,further/split,Chinese,8382-8892e79f-22e4-4ea6-8d2a-cffdf0a65624.10
1,equal/far,Chinese,8382-8892e79f-22e4-4ea6-8d2a-cffdf0a65624.11
1,equal/far,Chinese,8382-8892e79f-22e4-4ea6-8d2a-cffdf0a65624.12
1,further/split,Chinese,8382-8892e79f-22e4-4ea6-8d2a-cffdf0a65624.13
2,closer/close,Chinese,8382-8892e79f-22e4-4ea6-8d2a-cffdf0a65624.14
1,equal/far,Chinese,8382-8892e79f-22e4-4ea6-8d2a-cffdf0a65624.15
1,further/split,Chinese,8382-8892e79f-22e4-4ea6-8d2a-cffdf0a65624.16
2,further/split,Chinese,8382-8892e79f-22e4-4ea6-8d2a-cffdf0a65624.17
1,closer/close,Chinese,8382-8892e79f-22e4-4ea6-8d2a-cffdf0a65624.18
1,further/split,Chinese,8382-8892e79f-22e4-4ea6-8d2a-cffdf0a65624.19
1,equal/far,Chinese,8382-8892e79f-22e4-4ea6-8d2a-cffdf0a65624.2
1,closer/close,Chinese,8382-8892e79f-22e4-4ea6-8d2a-cffdf0a65624.20
2,equal/far,Chinese,8382-8892e79f-22e4-4ea6-8d2a-cffdf0a65624.21
1,further/split,Chinese,8382-8892e79f-22e4-4ea6-8d2a-cffdf0a65624.22
2,closer/close,Chinese,8382-8892e79f-22e4-4ea6-8d2a-cffdf0a65624.23
1,equal/far,Chinese,8382-8892e79f-22e4-4ea6-8d2a-cffdf0a65624.24
1,further/split,Chinese,8382-8892e79f-22e4-4ea6-8d2a-cffdf0a65624.25
1,equal/far,Chinese,8382-8892e79f-22e4-4ea6-8d2a-cffdf0a65624.26
1,closer/close,Chinese,8382-8892e79f-22e4-4ea6-8d2a-cffdf0a65624.27
1,closer/close,Chinese,8382-8892e79f-22e4-4ea6-8d2a-cffdf0a65624.28
1,closer/close,Chinese,8382-8892e79f-22e4-4ea6-8d2a-cffdf0a65624.29
1,equal/far,Chinese,8382-8892e79f-22e4-4ea6-8d2a-cffdf0a65624.3
2,further/split,Chinese,8382-8892e79f-22e4-4ea6-8d2a-cffdf0a65624.30
1,further/split,Chinese,8382-8892e79f-22e4-4ea6-8d2a-cffdf0a65624.31
1,further/split,Chinese,8382-8892e79f-22e4-4ea6-8d2a-cffdf0a65624.32
1,equal/far,Chinese,8382-8892e79f-22e4-4ea6-8d2a-cffdf0a65624.33
2,closer/close,Chinese,8382-8892e79f-22e4-4ea6-8d2a-cffdf0a65624.34
3,further/split,Chinese,8382-8892e79f-22e4-4ea6-8d2a-cffdf0a65624.35
1,closer/close,Chinese,8382-8892e79f-22e4-4ea6-8d2a-cffdf0a65624.36
1,further/split,Chinese,8382-8892e79f-22e4-4ea6-8d2a-cffdf0a65624.37
1,equal/far,Chinese,8382-8892e79f-22e4-4ea6-8d2a-cffdf0a65624.38
1,closer/close,Chinese,8382-8892e79f-22e4-4ea6-8d2a-cffdf0a65624.39
1,equal/far,Chinese,8382-8892e79f-22e4-4ea6-8d2a-cffdf0a65624.4
2,further/split,Chinese,8382-8892e79f-22e4-4ea6-8d2a-cffdf0a65624.40
1,equal/far,Chinese,8382-8892e79f-22e4-4ea6-8d2a-cffdf0a65624.41
1,further/split,Chinese,8382-8892e79f-22e4-4ea6-8d2a-cffdf0a65624.42
2,further/split,Chinese,8382-8892e79f-22e4-4ea6-8d2a-cffdf0a65624.43
1,equal/far,Chinese,8382-8892e79f-22e4-4ea6-8d2a-cffdf0a65624.44
1,closer/close,Chinese,8382-8892e79f-22e4-4ea6-8d2a-cffdf0a65624.45
1,closer/close,Chinese,8382-8892e79f-22e4-4ea6-8d2a-cffdf0a65624.46
1,closer/close,Chinese,8382-8892e79f-22e4-4ea6-8d2a-cffdf0a65624.47
1,equal/far,Chinese,8382-8892e79f-22e4-4ea6-8d2a-cffdf0a65624.48
2,further/split,Chinese,8382-8892e79f-22e4-4ea6-8d2a-cffdf0a65624.49
3,closer/close,Chinese,8382-8892e79f-22e4-4ea6-8d2a-cffdf0a65624.5
1,closer/close,Chinese,8382-8892e79f-22e4-4ea6-8d2a-cffdf0a65624.50
1,equal/far,Chinese,8382-8892e79f-22e4-4ea6-8d2a-cffdf0a65624.6
2,closer/close,Chinese,8382-8892e79f-22e4-4ea6-8d2a-cffdf0a65624.7
1,equal/far,Chinese,8382-8892e79f-22e4-4ea6-8d2a-cffdf0a65624.8
1,further/split,Chinese,8382-8892e79f-22e4-4ea6-8d2a-cffdf0a65624.9
3,closer/close,Chinese,8976-a41db654-9387-4361-aff5-ff68d9291ae9.1
1,closer/close,Chinese,8976-a41db654-9387-4361-aff5-ff68d9291ae9.10
2,further/split,Chinese,8976-a41db654-9387-4361-aff5-ff68d9291ae9.11
2,equal/far,Chinese,8976-a41db654-9387-4361-aff5-ff68d9291ae9.12
4,closer/close,Chinese,8976-a41db654-9387-4361-aff5-ff68d9291ae9.13
3,closer/close,Chinese,8976-a41db654-9387-4361-aff5-ff68d9291ae9.14
1,closer/close,Chinese,8976-a41db654-9387-4361-aff5-ff68d9291ae9.15
2,further/split,Chinese,8976-a41db654-9387-4361-aff5-ff68d9291ae9.16
2,further/split,Chinese,8976-a41db654-9387-4361-aff5-ff68d9291ae9.17
2,closer/close,Chinese,8976-a41db654-9387-4361-aff5-ff68d9291ae9.18
2,closer/close,Chinese,8976-a41db654-9387-4361-aff5-ff68d9291ae9.19
3,equal/far,Chinese,8976-a41db654-9387-4361-aff5-ff68d9291ae9.2
1,further/split,Chinese,8976-a41db654-9387-4361-aff5-ff68d9291ae9.20
2,closer/close,Chinese,8976-a41db654-9387-4361-aff5-ff68d9291ae9.21
1,closer/close,Chinese,8976-a41db654-9387-4361-aff5-ff68d9291ae9.22
1,further/split,Chinese,8976-a41db654-9387-4361-aff5-ff68d9291ae9.23
1,equal/far,Chinese,8976-a41db654-9387-4361-aff5-ff68d9291ae9.24
2,equal/far,Chinese,8976-a41db654-9387-4361-aff5-ff68d9291ae9.25
2,equal/far,Chinese,8976-a41db654-9387-4361-aff5-ff68d9291ae9.26
6,closer/close,Chinese,8976-a41db654-9387-4361-aff5-ff68d9291ae9.3
4,equal/far,Chinese,8976-a41db654-9387-4361-aff5-ff68d9291ae9.4
8,closer/close,Chinese,8976-a41db654-9387-4361-aff5-ff68d9291ae9.5
2,further/split,Chinese,8976-a41db654-9387-4361-aff5-ff68d9291ae9.6
2,further/split,Chinese,8976-a41db654-9387-4361-aff5-ff68d9291ae9.7
2,equal/far,Chinese,8976-a41db654-9387-4361-aff5-ff68d9291ae9.8
2,equal/far,Chinese,8976-a41db654-9387-4361-aff5-ff68d9291ae9.9
2,closer/close,Chinese,9068-8040e841-54a3-451f-ac7c-ca6f427f4be9.1
1,further/split,Chinese,9068-8040e841-54a3-451f-ac7c-ca6f427f4be9.10
1,equal/far,Chinese,9068-8040e841-54a3-451f-ac7c-ca6f427f4be9.11
1,equal/far,Chinese,9068-8040e841-54a3-451f-ac7c-ca6f427f4be9.12
1,further/split,Chinese,9068-8040e841-54a3-451f-ac7c-ca6f427f4be9.13
1,closer/close,Chinese,9068-8040e841-54a3-451f-ac7c-ca6f427f4be9.14
1,further/split,Chinese,9068-8040e841-54a3-451f-ac7c-ca6f427f4be9.15
1,closer/close,Chinese,9068-8040e841-54a3-451f-ac7c-ca6f427f4be9.16
2,further/split,Chinese,9068-8040e841-54a3-451f-ac7c-ca6f427f4be9.17
1,closer/close,Chinese,9068-8040e841-54a3-451f-ac7c-ca6f427f4be9.18
1,equal/far,Chinese,9068-8040e841-54a3-451f-ac7c-ca6f427f4be9.19
1,equal/far,Chinese,9068-8040e841-54a3-451f-ac7c-ca6f427f4be9.2
1,closer/close,Chinese,9068-8040e841-54a3-451f-ac7c-ca6f427f4be9.20
1,further/split,Chinese,9068-8040e841-54a3-451f-ac7c-ca6f427f4be9.21
1,further/split,Chinese,9068-8040e841-54a3-451f-ac7c-ca6f427f4be9.22
1,further/split,Chinese,9068-8040e841-54a3-451f-ac7c-ca6f427f4be9.23
2,closer/close,Chinese,9068-8040e841-54a3-451f-ac7c-ca6f427f4be9.24
1,equal/far,Chinese,9068-8040e841-54a3-451f-ac7c-ca6f427f4be9.25
1,closer/close,Chinese,9068-8040e841-54a3-451f-ac7c-ca6f427f4be9.26
2,further/split,Chinese,9068-8040e841-54a3-451f-ac7c-ca6f427f4be9.27
1,closer/close,Chinese,9068-8040e841-54a3-451f-ac7c-ca6f427f4be9.28
2,closer/close,Chinese,9068-8040e841-54a3-451f-ac7c-ca6f427f4be9.29
1,closer/close,Chinese,9068-8040e841-54a3-451f-ac7c-ca6f427f4be9.3
1,equal/far,Chinese,9068-8040e841-54a3-451f-ac7c-ca6f427f4be9.30
2,equal/far,Chinese,9068-8040e841-54a3-451f-ac7c-ca6f427f4be9.31
1,equal/far,Chinese,9068-8040e841-54a3-451f-ac7c-ca6f427f4be9.32
1,equal/far,Chinese,9068-8040e841-54a3-451f-ac7c-ca6f427f4be9.33
1,further/split,Chinese,9068-8040e841-54a3-451f-ac7c-ca6f427f4be9.34
1,equal/far,Chinese,9068-8040e841-54a3-451f-ac7c-ca6f427f4be9.35
2,closer/close,Chinese,9068-8040e841-54a3-451f-ac7c-ca6f427f4be9.36
1,closer/close,Chinese,9068-8040e841-54a3-451f-ac7c-ca6f427f4be9.37
1,equal/far,Chinese,9068-8040e841-54a3-451f-ac7c-ca6f427f4be9.38
1,closer/close,Chinese,9068-8040e841-54a3-451f-ac7c-ca6f427f4be9.39
1,further/split,Chinese,9068-8040e841-54a3-451f-ac7c-ca6f427f4be9.4
2,closer/close,Chinese,9068-8040e841-54a3-451f-ac7c-ca6f427f4be9.40
1,equal/far,Chinese,9068-8040e841-54a3-451f-ac7c-ca6f427f4be9.41
1,further/split,Chinese,9068-8040e841-54a3-451f-ac7c-ca6f427f4be9.42
1,equal/far,Chinese,9068-8040e841-54a3-451f-ac7c-ca6f427f4be9.43
1,further/split,Chinese,9068-8040e841-54a3-451f-ac7c-ca6f427f4be9.44
2,closer/close,Chinese,9068-8040e841-54a3-451f-ac7c-ca6f427f4be9.45
1,further/split,Chinese,9068-8040e841-54a3-451f-ac7c-ca6f427f4be9.46
1,closer/close,Chinese,9068-8040e841-54a3-451f-ac7c-ca6f427f4be9.47
1,equal/far,Chinese,9068-8040e841-54a3-451f-ac7c-ca6f427f4be9.48
1,equal/far,Chinese,9068-8040e841-54a3-451f-ac7c-ca6f427f4be9.49
1,further/split,Chinese,9068-8040e841-54a3-451f-ac7c-ca6f427f4be9.5
4,further/split,Chinese,9068-8040e841-54a3-451f-ac7c-ca6f427f4be9.50
1,equal/far,Chinese,9068-8040e841-54a3-451f-ac7c-ca6f427f4be9.6
5,further/split,Chinese,9068-8040e841-54a3-451f-ac7c-ca6f427f4be9.7
1,closer/close,Chinese,9068-8040e841-54a3-451f-ac7c-ca6f427f4be9.8
1,further/split,Chinese,9068-8040e841-54a3-451f-ac7c-ca6f427f4be9.9
3,closer/close,Chinese,9288-3ab08619-cc57-4f49-8e10-7bcc5f5ed5b4.1
1,further/split,Chinese,9288-3ab08619-cc57-4f49-8e10-7bcc5f5ed5b4.10
1,further/split,Chinese,9288-3ab08619-cc57-4f49-8e10-7bcc5f5ed5b4.11
1,further/split,Chinese,9288-3ab08619-cc57-4f49-8e10-7bcc5f5ed5b4.12
2,equal/far,Chinese,9288-3ab08619-cc57-4f49-8e10-7bcc5f5ed5b4.13
1,closer/close,Chinese,9288-3ab08619-cc57-4f49-8e10-7bcc5f5ed5b4.14
2,further/split,Chinese,9288-3ab08619-cc57-4f49-8e10-7bcc5f5ed5b4.15
1,further/split,Chinese,9288-3ab08619-cc57-4f49-8e10-7bcc5f5ed5b4.16
1,equal/far,Chinese,9288-3ab08619-cc57-4f49-8e10-7bcc5f5ed5b4.17
1,equal/far,Chinese,9288-3ab08619-cc57-4f49-8e10-7bcc5f5ed5b4.18
1,further/split,Chinese,9288-3ab08619-cc57-4f49-8e10-7bcc5f5ed5b4.19
1,further/split,Chinese,9288-3ab08619-cc57-4f49-8e10-7bcc5f5ed5b4.2
3,closer/close,Chinese,9288-3ab08619-cc57-4f49-8e10-7bcc5f5ed5b4.20
1,closer/close,Chinese,9288-3ab08619-cc57-4f49-8e10-7bcc5f5ed5b4.21
1,equal/far,Chinese,9288-3ab08619-cc57-4f49-8e10-7bcc5f5ed5b4.22
1,further/split,Chinese,9288-3ab08619-cc57-4f49-8e10-7bcc5f5ed5b4.23
1,closer/close,Chinese,9288-3ab08619-cc57-4f49-8e10-7bcc5f5ed5b4.24
1,closer/close,Chinese,9288-3ab08619-cc57-4f49-8e10-7bcc5f5ed5b4.25
1,closer/close,Chinese,9288-3ab08619-cc57-4f49-8e10-7bcc5f5ed5b4.26
1,equal/far,Chinese,9288-3ab08619-cc57-4f49-8e10-7bcc5f5ed5b4.27
1,further/split,Chinese,9288-3ab08619-cc57-4f49-8e10-7bcc5f5ed5b4.28
1,further/split,Chinese,9288-3ab08619-cc57-4f49-8e10-7bcc5f5ed5b4.29
4,closer/close,Chinese,9288-3ab08619-cc57-4f49-8e10-7bcc5f5ed5b4.3
1,further/split,Chinese,9288-3ab08619-cc57-4f49-8e10-7bcc5f5ed5b4.30
1,closer/close,Chinese,9288-3ab08619-cc57-4f49-8e10-7bcc5f5ed5b4.31
1,further/split,Chinese,9288-3ab08619-cc57-4f49-8e10-7bcc5f5ed5b4.32
1,further/split,Chinese,9288-3ab08619-cc57-4f49-8e10-7bcc5f5ed5b4.33
1,equal/far,Chinese,9288-3ab08619-cc57-4f49-8e10-7bcc5f5ed5b4.34
1,further/split,Chinese,9288-3ab08619-cc57-4f49-8e10-7bcc5f5ed5b4.35
1,closer/close,Chinese,9288-3ab08619-cc57-4f49-8e10-7bcc5f5ed5b4.36
1,equal/far,Chinese,9288-3ab08619-cc57-4f49-8e10-7bcc5f5ed5b4.37
1,closer/close,Chinese,9288-3ab08619-cc57-4f49-8e10-7bcc5f5ed5b4.38
1,equal/far,Chinese,9288-3ab08619-cc57-4f49-8e10-7bcc5f5ed5b4.39
1,closer/close,Chinese,9288-3ab08619-cc57-4f49-8e10-7bcc5f5ed5b4.4
1,equal/far,Chinese,9288-3ab08619-cc57-4f49-8e10-7bcc5f5ed5b4.40
1,further/split,Chinese,9288-3ab08619-cc57-4f49-8e10-7bcc5f5ed5b4.41
1,equal/far,Chinese,9288-3ab08619-cc57-4f49-8e10-7bcc5f5ed5b4.42
1,closer/close,Chinese,9288-3ab08619-cc57-4f49-8e10-7bcc5f5ed5b4.43
1,equal/far,Chinese,9288-3ab08619-cc57-4f49-8e10-7bcc5f5ed5b4.44
1,closer/close,Chinese,9288-3ab08619-cc57-4f49-8e10-7bcc5f5ed5b4.45
1,closer/close,Chinese,9288-3ab08619-cc57-4f49-8e10-7bcc5f5ed5b4.46
1,equal/far,Chinese,9288-3ab08619-cc57-4f49-8e10-7bcc5f5ed5b4.47
1,equal/far,Chinese,9288-3ab08619-cc57-4f49-8e10-7bcc5f5ed5b4.48
1,closer/close,Chinese,9288-3ab08619-cc57-4f49-8e10-7bcc5f5ed5b4.49
1,equal/far,Chinese,9288-3ab08619-cc57-4f49-8e10-7bcc5f5ed5b4.5
1,equal/far,Chinese,9288-3ab08619-cc57-4f49-8e10-7bcc5f5ed5b4.50
1,further/split,Chinese,9288-3ab08619-cc57-4f49-8e10-7bcc5f5ed5b4.6
1,equal/far,Chinese,9288-3ab08619-cc57-4f49-8e10-7bcc5f5ed5b4.7
1,closer/close,Chinese,9288-3ab08619-cc57-4f49-8e10-7bcc5f5ed5b4.8
1,further/split,Chinese,9288-3ab08619-cc57-4f49-8e10-7bcc5f5ed5b4.9
1,further/split,Chinese,9485-a972797e-4d32-4a76-94ca-5ed073e2226f.1
1,further/split,Chinese,9485-a972797e-4d32-4a76-94ca-5ed073e2226f.10
1,further/split,Chinese,9485-a972797e-4d32-4a76-94ca-5ed073e2226f.11
1,further/split,Chinese,9485-a972797e-4d32-4a76-94ca-5ed073e2226f.12
1,further/split,Chinese,9485-a972797e-4d32-4a76-94ca-5ed073e2226f.13
1,closer/close,Chinese,9485-a972797e-4d32-4a76-94ca-5ed073e2226f.14
1,closer/close,Chinese,9485-a972797e-4d32-4a76-94ca-5ed073e2226f.15
1,equal/far,Chinese,9485-a972797e-4d32-4a76-94ca-5ed073e2226f.16
1,further/split,Chinese,9485-a972797e-4d32-4a76-94ca-5ed073e2226f.17
1,equal/far,Chinese,9485-a972797e-4d32-4a76-94ca-5ed073e2226f.18
1,further/split,Chinese,9485-a972797e-4d32-4a76-94ca-5ed073e2226f.19
1,closer/close,Chinese,9485-a972797e-4d32-4a76-94ca-5ed073e2226f.2
1,equal/far,Chinese,9485-a972797e-4d32-4a76-94ca-5ed073e2226f.20
1,equal/far,Chinese,9485-a972797e-4d32-4a76-94ca-5ed073e2226f.21
1,equal/far,Chinese,9485-a972797e-4d32-4a76-94ca-5ed073e2226f.22
1,closer/close,Chinese,9485-a972797e-4d32-4a76-94ca-5ed073e2226f.23
1,closer/close,Chinese,9485-a972797e-4d32-4a76-94ca-5ed073e2226f.24
1,equal/far,Chinese,9485-a972797e-4d32-4a76-94ca-5ed073e2226f.25
1,closer/close,Chinese,9485-a972797e-4d32-4a76-94ca-5ed073e2226f.26
1,equal/far,Chinese,9485-a972797e-4d32-4a76-94ca-5ed073e2226f.27
1,further/split,Chinese,9485-a972797e-4d32-4a76-94ca-5ed073e2226f.28
1,further/split,Chinese,9485-a972797e-4d32-4a76-94ca-5ed073e2226f.29
1,further/split,Chinese,9485-a972797e-4d32-4a76-94ca-5ed073e2226f.3
1,equal/far,Chinese,9485-a972797e-4d32-4a76-94ca-5ed073e2226f.30
1,further/split,Chinese,9485-a972797e-4d32-4a76-94ca-5ed073e2226f.31
1,further/split,Chinese,9485-a972797e-4d32-4a76-94ca-5ed073e2226f.32
1,further/split,Chinese,9485-a972797e-4d32-4a76-94ca-5ed073e2226f.33
1,closer/close,Chinese,9485-a972797e-4d32-4a76-94ca-5ed073e2226f.34
1,equal/far,Chinese,9485-a972797e-4d32-4a76-94ca-5ed073e2226f.35
1,closer/close,Chinese,9485-a972797e-4d32-4a76-94ca-5ed073e2226f.36
1,equal/far,Chinese,9485-a972797e-4d32-4a76-94ca-5ed073e2226f.37
1,further/split,Chinese,9485-a972797e-4d32-4a76-94ca-5ed073e2226f.38
1,closer/close,Chinese,9485-a972797e-4d32-4a76-94ca-5ed073e2226f.39
1,closer/close,Chinese,9485-a972797e-4d32-4a76-94ca-5ed073e2226f.4
1,equal/far,Chinese,9485-a972797e-4d32-4a76-94ca-5ed073e2226f.40
1,further/split,Chinese,9485-a972797e-4d32-4a76-94ca-5ed073e2226f.41
1,closer/close,Chinese,9485-a972797e-4d32-4a76-94ca-5ed073e2226f.42
1,equal/far,Chinese,9485-a972797e-4d32-4a76-94ca-5ed073e2226f.43
1,equal/far,Chinese,9485-a972797e-4d32-4a76-94ca-5ed073e2226f.44
1,equal/far,Chinese,9485-a972797e-4d32-4a76-94ca-5ed073e2226f.45
1,closer/close,Chinese,9485-a972797e-4d32-4a76-94ca-5ed073e2226f.46
1,further/split,Chinese,9485-a972797e-4d32-4a76-94ca-5ed073e2226f.47
1,closer/close,Chinese,9485-a972797e-4d32-4a76-94ca-5ed073e2226f.48
1,closer/close,Chinese,9485-a972797e-4d32-4a76-94ca-5ed073e2226f.49
1,closer/close,Chinese,9485-a972797e-4d32-4a76-94ca-5ed073e2226f.5
1,closer/close,Chinese,9485-a972797e-4d32-4a76-94ca-5ed073e2226f.50
1,equal/far,Chinese,9485-a972797e-4d32-4a76-94ca-5ed073e2226f.6
1,further/split,Chinese,9485-a972797e-4d32-4a76-94ca-5ed073e2226f.7
1,equal/far,Chinese,9485-a972797e-4d32-4a76-94ca-5ed073e2226f.8
1,closer/close,Chinese,9485-a972797e-4d32-4a76-94ca-5ed073e2226f.9
